time_index,session_id,voltage,current,energy_kwh,status,label
0,S1,231.3,10.3,0.00066,charging,normal
1,S1,230.2,10.4,0.00133,charging,normal
2,S1,231.3,10.0,0.00197,charging,normal
3,S1,231.1,9.6,0.00259,charging,normal
4,S1,230.6,10.4,0.00325,charging,normal
5,S1,230.6,9.6,0.00387,charging,normal
6,S1,231.6,10.2,0.00452,charging,normal
7,S1,230.3,10.5,0.00519,charging,normal
8,S1,231.9,10.2,0.00585,charging,normal
9,S1,230.4,10.3,0.00651,charging,normal
10,S1,231.7,9.7,0.00714,charging,normal
11,S1,230.3,10.1,0.00778,charging,normal
12,S1,231.6,10.5,0.00846,charging,normal
13,S1,231.4,9.6,0.00907,charging,normal
14,S1,230.8,9.7,0.0097,charging,normal
15,S1,231.6,9.7,0.01032,charging,normal
16,S1,231.7,9.6,0.01094,charging,normal
17,S1,231.9,9.9,0.01158,charging,normal
18,S1,231.8,10.2,0.01223,charging,normal
19,S1,231.6,10.3,0.01289,charging,normal
20,S1,231.9,10.2,0.01355,charging,normal
21,S1,230.9,9.6,0.01417,charging,normal
22,S1,232.0,10.5,0.01484,charging,normal
23,S1,230.5,10.3,0.0155,charging,normal
24,S1,230.1,10.2,0.01616,charging,normal
25,S1,231.2,10.3,0.01682,charging,normal
26,S1,231.7,9.6,0.01743,charging,normal
27,S1,231.5,9.6,0.01805,charging,normal
28,S1,230.3,9.6,0.01867,charging,normal
29,S1,230.8,10.5,0.01934,finished,normal
0,S2,232.8,10.7,0.00069,charging,normal
1,S2,232.3,10.1,0.00134,charging,normal
2,S2,232.4,9.9,0.00198,charging,normal
3,S2,231.9,10.7,0.00267,charging,normal
4,S2,233.1,10.3,0.00334,charging,normal
5,S2,233.0,9.9,0.00398,charging,normal
6,S2,233.7,10.1,0.00464,charging,normal
7,S2,232.3,10.7,0.00533,charging,normal
8,S2,233.0,10.1,0.00598,charging,normal
9,S2,232.6,10.6,0.00666,charging,normal
10,S2,233.5,10.1,0.00732,charging,normal
11,S2,233.5,10.0,0.00797,charging,normal
12,S2,232.8,10.7,0.00866,charging,normal
13,S2,232.3,9.9,0.0093,charging,normal
14,S2,233.6,10.1,0.00995,charging,normal
15,S2,233.7,10.4,0.01063,charging,normal
16,S2,233.4,10.7,0.01132,charging,normal
17,S2,233.3,10.5,0.012,charging,normal
18,S2,231.8,10.3,0.01267,charging,normal
19,S2,232.5,10.6,0.01335,charging,normal
20,S2,233.1,10.5,0.01403,charging,normal
21,S2,232.4,9.9,0.01467,charging,normal
22,S2,233.1,10.5,0.01535,charging,normal
23,S2,233.5,10.3,0.01602,charging,normal
24,S2,232.6,10.4,0.01669,charging,normal
25,S2,233.4,9.8,0.01733,charging,normal
26,S2,233.0,10.1,0.01798,charging,normal
27,S2,232.8,9.9,0.01862,charging,normal
28,S2,233.7,9.9,0.01926,charging,normal
29,S2,233.4,10.3,0.01993,finished,normal
0,S3,228.6,9.1,0.00058,charging,normal
1,S3,230.1,9.4,0.00118,charging,normal
2,S3,229.1,9.8,0.0018,charging,normal
3,S3,229.2,9.1,0.00238,charging,normal
4,S3,228.5,9.6,0.00299,charging,normal
5,S3,228.5,9.7,0.00361,charging,normal
6,S3,228.4,9.5,0.00421,charging,normal
7,S3,228.5,10.0,0.00484,charging,normal
8,S3,228.2,9.0,0.00541,charging,normal
9,S3,229.0,9.3,0.00601,charging,normal
10,S3,229.7,9.1,0.00659,charging,normal
11,S3,230.1,9.1,0.00717,charging,normal
12,S3,229.7,9.1,0.00775,charging,normal
13,S3,228.3,9.1,0.00833,charging,normal
14,S3,228.3,10.0,0.00896,charging,normal
15,S3,229.5,9.7,0.00958,charging,normal
16,S3,229.4,9.3,0.01017,charging,normal
17,S3,229.9,9.0,0.01075,charging,normal
18,S3,229.8,9.4,0.01135,charging,normal
19,S3,229.7,9.3,0.01194,charging,normal
20,S3,229.3,9.1,0.01252,charging,normal
21,S3,228.4,9.3,0.01311,charging,normal
22,S3,229.6,9.0,0.01368,charging,normal
23,S3,228.2,9.0,0.01425,charging,normal
24,S3,229.4,9.3,0.01485,charging,normal
25,S3,229.4,9.2,0.01543,charging,normal
26,S3,229.4,9.4,0.01603,charging,normal
27,S3,228.5,9.3,0.01662,charging,normal
28,S3,229.9,9.1,0.0172,charging,normal
29,S3,228.4,9.0,0.01777,finished,normal
0,S4,231.5,10.5,0.00068,charging,normal
1,S4,230.7,10.7,0.00136,charging,normal
2,S4,230.7,10.6,0.00204,charging,normal
3,S4,231.7,10.5,0.00272,charging,normal
4,S4,231.0,10.2,0.00337,charging,normal
5,S4,231.9,10.5,0.00405,charging,normal
6,S4,230.5,10.7,0.00473,charging,normal
7,S4,230.9,10.5,0.00541,charging,normal
8,S4,231.6,10.0,0.00605,charging,normal
9,S4,231.9,10.8,0.00674,charging,normal
10,S4,230.4,10.0,0.00738,charging,normal
11,S4,231.6,10.1,0.00803,charging,normal
12,S4,232.3,10.1,0.00869,charging,normal
13,S4,232.1,10.1,0.00934,charging,normal
14,S4,232.0,9.9,0.00998,charging,normal
15,S4,231.7,10.7,0.01066,charging,normal
16,S4,231.5,10.6,0.01135,charging,normal
17,S4,230.8,10.5,0.01202,charging,normal
18,S4,232.2,10.9,0.01272,charging,normal
19,S4,230.9,10.5,0.0134,charging,normal
20,S4,231.2,10.0,0.01404,charging,normal
21,S4,231.4,10.7,0.01473,charging,normal
22,S4,231.1,9.9,0.01536,charging,normal
23,S4,232.0,10.4,0.01603,charging,normal
24,S4,231.2,9.9,0.01667,charging,normal
25,S4,232.1,9.9,0.0173,charging,normal
26,S4,232.2,10.0,0.01795,charging,normal
27,S4,232.2,10.0,0.01859,charging,normal
28,S4,231.0,10.2,0.01925,charging,normal
29,S4,232.2,10.7,0.01994,finished,normal
0,S5,230.6,10.1,0.00065,charging,normal
1,S5,231.5,9.7,0.00127,charging,normal
2,S5,230.6,10.2,0.00192,charging,normal
3,S5,231.6,9.9,0.00256,charging,normal
4,S5,232.2,10.2,0.00322,charging,normal
5,S5,231.1,10.1,0.00387,charging,normal
6,S5,231.1,10.0,0.00451,charging,normal
7,S5,230.5,9.8,0.00514,charging,normal
8,S5,231.7,9.4,0.00574,charging,normal
9,S5,230.5,9.5,0.00635,charging,normal
10,S5,231.7,10.2,0.00701,charging,normal
11,S5,231.2,10.3,0.00767,charging,normal
12,S5,230.8,9.6,0.00828,charging,normal
13,S5,230.7,9.6,0.0089,charging,normal
14,S5,231.7,10.4,0.00957,charging,normal
15,S5,231.8,9.8,0.0102,charging,normal
16,S5,231.8,9.9,0.01084,charging,normal
17,S5,231.5,9.6,0.01145,charging,normal
18,S5,230.9,10.1,0.0121,charging,normal
19,S5,232.3,10.2,0.01276,charging,normal
20,S5,231.0,9.5,0.01337,charging,normal
21,S5,232.2,9.9,0.01401,charging,normal
22,S5,232.0,9.6,0.01463,charging,normal
23,S5,232.1,9.7,0.01525,charging,normal
24,S5,230.7,9.5,0.01586,charging,normal
25,S5,230.8,9.9,0.0165,charging,normal
26,S5,230.7,9.7,0.01712,charging,normal
27,S5,231.6,9.8,0.01775,charging,normal
28,S5,231.3,9.7,0.01837,charging,normal
29,S5,231.5,9.7,0.01899,finished,normal
0,S6,232.2,9.1,0.00059,charging,normal
1,S6,232.7,8.9,0.00116,charging,normal
2,S6,231.6,9.3,0.00176,charging,normal
3,S6,232.8,9.1,0.00235,charging,normal
4,S6,232.6,8.9,0.00292,charging,normal
5,S6,232.5,9.6,0.00354,charging,normal
6,S6,232.4,9.3,0.00414,charging,normal
7,S6,232.9,9.2,0.00474,charging,normal
8,S6,232.1,9.1,0.00533,charging,normal
9,S6,232.2,9.6,0.00595,charging,normal
10,S6,233.4,9.5,0.00656,charging,normal
11,S6,232.6,9.0,0.00714,charging,normal
12,S6,232.3,9.4,0.00775,charging,normal
13,S6,232.1,9.8,0.00838,charging,normal
14,S6,232.0,9.6,0.009,charging,normal
15,S6,231.6,9.6,0.00962,charging,normal
16,S6,233.0,9.4,0.01023,charging,normal
17,S6,233.2,9.7,0.01085,charging,normal
18,S6,231.5,9.4,0.01146,charging,normal
19,S6,231.5,9.1,0.01204,charging,normal
20,S6,231.7,9.5,0.01266,charging,normal
21,S6,233.3,8.8,0.01323,charging,normal
22,S6,233.0,9.8,0.01386,charging,normal
23,S6,233.1,9.3,0.01446,charging,normal
24,S6,231.7,9.1,0.01505,charging,normal
25,S6,233.4,9.1,0.01564,charging,normal
26,S6,233.0,9.8,0.01627,charging,normal
27,S6,231.9,9.4,0.01688,charging,normal
28,S6,231.7,9.6,0.0175,charging,normal
29,S6,233.4,9.3,0.0181,finished,normal
0,S7,231.9,9.8,0.00063,charging,fraud
1,S7,230.4,9.6,0.00125,charging,fraud
2,S7,232.0,9.7,0.00187,charging,fraud
3,S7,231.3,9.6,0.00249,charging,fraud
4,S7,232.0,9.3,0.00309,charging,fraud
5,S7,230.8,9.5,0.0037,charging,fraud
6,S7,232.0,9.8,0.00433,charging,fraud
7,S7,231.0,9.8,0.00496,charging,fraud
8,S7,231.4,9.7,0.00558,charging,fraud
9,S7,232.3,9.8,0.00621,charging,fraud
10,S7,279.7,9.8,0.00697,charging,fraud
11,S7,272.0,9.4,0.00768,charging,fraud
12,S7,270.2,9.7,0.00841,charging,fraud
13,S7,286.9,9.9,0.0092,charging,fraud
14,S7,277.6,10.0,0.00997,charging,fraud
15,S7,232.1,9.4,0.01058,charging,fraud
16,S7,232.4,9.0,0.01116,charging,fraud
17,S7,232.2,9.4,0.01177,charging,fraud
18,S7,231.3,9.0,0.01234,charging,fraud
19,S7,232.2,9.3,0.01294,charging,fraud
20,S7,232.0,9.4,0.01355,charging,fraud
21,S7,232.2,9.1,0.01414,charging,fraud
22,S7,231.4,9.5,0.01475,charging,fraud
23,S7,232.3,9.1,0.01533,charging,fraud
24,S7,231.4,9.9,0.01597,charging,fraud
25,S7,231.2,9.2,0.01656,charging,fraud
26,S7,231.9,9.0,0.01714,charging,fraud
27,S7,230.7,9.0,0.01772,charging,fraud
28,S7,230.9,9.8,0.01835,charging,fraud
29,S7,231.1,9.4,0.01895,finished,fraud
0,S8,227.0,9.0,0.00057,charging,normal
1,S8,227.1,9.6,0.00117,charging,normal
2,S8,226.5,9.0,0.00174,charging,normal
3,S8,226.6,9.0,0.00231,charging,normal
4,S8,226.8,9.3,0.00289,charging,normal
5,S8,227.1,9.4,0.00348,charging,normal
6,S8,226.8,9.2,0.00406,charging,normal
7,S8,227.4,9.6,0.00467,charging,normal
8,S8,227.8,9.0,0.00524,charging,normal
9,S8,227.1,9.0,0.00581,charging,normal
10,S8,227.1,9.3,0.00639,charging,normal
11,S8,226.4,9.2,0.00697,charging,normal
12,S8,227.0,9.1,0.00755,charging,normal
13,S8,227.4,9.1,0.00812,charging,normal
14,S8,228.0,9.8,0.00874,charging,normal
15,S8,226.3,9.3,0.00933,charging,normal
16,S8,227.5,9.4,0.00992,charging,normal
17,S8,227.5,8.8,0.01048,charging,normal
18,S8,227.6,8.8,0.01103,charging,normal
19,S8,226.7,9.4,0.01163,charging,normal
20,S8,227.7,9.6,0.01223,charging,normal
21,S8,227.8,8.8,0.01279,charging,normal
22,S8,227.6,9.2,0.01337,charging,normal
23,S8,227.8,9.4,0.01397,charging,normal
24,S8,226.9,9.3,0.01455,charging,normal
25,S8,228.1,9.1,0.01513,charging,normal
26,S8,228.0,9.6,0.01574,charging,normal
27,S8,227.0,9.0,0.0163,charging,normal
28,S8,227.0,9.4,0.0169,charging,normal
29,S8,227.5,8.8,0.01745,finished,normal
0,S9,231.5,11.2,0.00072,charging,normal
1,S9,230.4,10.5,0.00139,charging,normal
2,S9,230.9,11.2,0.00211,charging,normal
3,S9,231.2,10.9,0.00281,charging,normal
4,S9,231.3,10.5,0.00349,charging,normal
5,S9,232.0,11.0,0.00419,charging,normal
6,S9,231.0,11.0,0.0049,charging,normal
7,S9,230.6,10.8,0.00559,charging,normal
8,S9,231.6,10.4,0.00626,charging,normal
9,S9,230.8,10.4,0.00693,charging,normal
10,S9,231.5,11.1,0.00764,charging,normal
11,S9,231.4,11.0,0.00835,charging,normal
12,S9,231.8,10.4,0.00902,charging,normal
13,S9,230.3,11.2,0.00973,charging,normal
14,S9,231.7,10.6,0.01042,charging,normal
15,S9,231.9,10.4,0.01109,charging,normal
16,S9,232.0,11.1,0.0118,charging,normal
17,S9,230.4,11.2,0.01252,charging,normal
18,S9,231.8,10.4,0.01319,charging,normal
19,S9,231.2,10.9,0.01389,charging,normal
20,S9,230.6,11.0,0.01459,charging,normal
21,S9,230.6,11.1,0.0153,charging,normal
22,S9,230.9,10.5,0.01598,charging,normal
23,S9,230.9,10.4,0.01664,charging,normal
24,S9,231.6,10.5,0.01732,charging,normal
25,S9,230.1,11.0,0.01802,charging,normal
26,S9,230.1,10.5,0.01869,charging,normal
27,S9,230.5,10.4,0.01936,charging,normal
28,S9,231.6,10.5,0.02004,charging,normal
29,S9,231.4,10.9,0.02074,finished,normal
0,S10,230.8,10.4,0.00067,charging,fraud
1,S10,230.3,10.8,0.00136,charging,fraud
2,S10,230.1,11.1,0.00207,charging,fraud
3,S10,230.6,10.4,0.00273,charging,fraud
4,S10,230.2,10.4,0.0034,charging,fraud
5,S10,229.4,10.8,0.00409,charging,fraud
6,S10,230.4,10.9,0.00478,charging,fraud
7,S10,230.0,10.6,0.00546,charging,fraud
8,S10,230.1,10.7,0.00615,charging,fraud
9,S10,229.5,10.5,0.00681,charging,fraud
10,S10,164.6,11.0,0.00732,charging,fraud
11,S10,164.5,10.4,0.00779,charging,fraud
12,S10,187.4,10.4,0.00833,charging,fraud
13,S10,175.4,10.6,0.00885,charging,fraud
14,S10,179.8,10.2,0.00936,charging,fraud
15,S10,229.8,10.3,0.01002,charging,fraud
16,S10,230.2,10.3,0.01068,charging,fraud
17,S10,230.8,11.1,0.01139,charging,fraud
18,S10,229.9,10.3,0.01205,charging,fraud
19,S10,230.8,10.9,0.01274,charging,fraud
20,S10,229.1,10.8,0.01343,charging,fraud
21,S10,230.1,10.3,0.01409,charging,fraud
22,S10,230.4,10.2,0.01474,charging,fraud
23,S10,230.4,10.6,0.01542,charging,fraud
24,S10,229.8,10.3,0.01608,charging,fraud
25,S10,230.1,10.3,0.01674,charging,fraud
26,S10,229.9,10.8,0.01743,charging,fraud
27,S10,230.4,11.1,0.01814,charging,fraud
28,S10,229.8,10.7,0.01882,charging,fraud
29,S10,229.4,10.2,0.01947,finished,fraud
0,S11,230.4,9.6,0.00061,charging,normal
1,S11,231.0,8.9,0.00119,charging,normal
2,S11,230.6,9.4,0.00179,charging,normal
3,S11,231.2,9.4,0.00239,charging,normal
4,S11,231.0,9.4,0.00299,charging,normal
5,S11,230.0,8.6,0.00354,charging,normal
6,S11,229.9,8.9,0.00411,charging,normal
7,S11,231.1,9.6,0.00473,charging,normal
8,S11,230.7,8.7,0.00529,charging,normal
9,S11,230.2,9.5,0.00589,charging,normal
10,S11,230.4,9.4,0.0065,charging,normal
11,S11,230.9,9.6,0.00711,charging,normal
12,S11,230.9,9.0,0.00769,charging,normal
13,S11,231.1,9.3,0.00829,charging,normal
14,S11,229.3,8.7,0.00884,charging,normal
15,S11,230.4,8.7,0.0094,charging,normal
16,S11,229.6,8.8,0.00996,charging,normal
17,S11,230.1,9.6,0.01057,charging,normal
18,S11,231.1,9.2,0.01116,charging,normal
19,S11,231.0,8.8,0.01173,charging,normal
20,S11,229.6,9.0,0.0123,charging,normal
21,S11,230.2,8.8,0.01286,charging,normal
22,S11,229.9,9.1,0.01344,charging,normal
23,S11,229.9,9.6,0.01406,charging,normal
24,S11,230.7,9.6,0.01467,charging,normal
25,S11,229.7,8.7,0.01523,charging,normal
26,S11,230.0,8.9,0.0158,charging,normal
27,S11,230.9,9.3,0.01639,charging,normal
28,S11,231.2,9.0,0.01697,charging,normal
29,S11,229.9,9.3,0.01756,finished,normal
0,S12,228.1,10.8,0.00068,charging,normal
1,S12,227.8,10.4,0.00134,charging,normal
2,S12,228.1,10.3,0.002,charging,normal
3,S12,228.6,10.2,0.00264,charging,normal
4,S12,227.5,10.4,0.0033,charging,normal
5,S12,228.7,10.2,0.00395,charging,normal
6,S12,227.1,10.0,0.00458,charging,normal
7,S12,226.9,10.4,0.00523,charging,normal
8,S12,228.7,10.1,0.00588,charging,normal
9,S12,228.2,10.0,0.00651,charging,normal
10,S12,228.8,10.6,0.00718,charging,normal
11,S12,228.1,10.6,0.00786,charging,normal
12,S12,227.0,10.5,0.00852,charging,normal
13,S12,228.8,10.1,0.00916,charging,normal
14,S12,226.9,9.8,0.00978,charging,normal
15,S12,228.1,10.5,0.01044,charging,normal
16,S12,228.7,10.1,0.01108,charging,normal
17,S12,228.5,10.0,0.01172,charging,normal
18,S12,227.2,10.4,0.01237,charging,normal
19,S12,228.3,10.5,0.01304,charging,normal
20,S12,227.5,10.1,0.01368,charging,normal
21,S12,227.0,9.8,0.0143,charging,normal
22,S12,228.7,10.2,0.01494,charging,normal
23,S12,227.0,10.1,0.01558,charging,normal
24,S12,227.7,9.9,0.01621,charging,normal
25,S12,227.3,10.5,0.01687,charging,normal
26,S12,227.3,10.7,0.01755,charging,normal
27,S12,227.7,9.8,0.01817,charging,normal
28,S12,227.0,9.9,0.01879,charging,normal
29,S12,227.3,10.7,0.01947,finished,normal
0,S13,232.2,10.1,0.00065,charging,fraud
1,S13,231.9,10.1,0.0013,charging,fraud
2,S13,233.0,9.5,0.00192,charging,fraud
3,S13,233.3,9.9,0.00256,charging,fraud
4,S13,233.1,9.8,0.00319,charging,fraud
5,S13,233.4,10.0,0.00384,charging,fraud
6,S13,231.7,9.9,0.00448,charging,fraud
7,S13,231.7,9.3,0.00508,charging,fraud
8,S13,232.9,9.7,0.0057,charging,fraud
9,S13,231.7,9.8,0.00634,charging,fraud
10,S13,233.3,60.3,0.01024,charging,fraud
11,S13,233.1,64.5,0.01442,charging,fraud
12,S13,231.7,70.9,0.01898,charging,fraud
13,S13,231.5,75.0,0.02381,charging,fraud
14,S13,233.0,73.9,0.02859,charging,fraud
15,S13,232.2,9.4,0.02919,charging,fraud
16,S13,233.4,10.1,0.02985,charging,fraud
17,S13,232.2,10.1,0.0305,charging,fraud
18,S13,232.8,9.4,0.03111,charging,fraud
19,S13,232.5,9.6,0.03173,charging,fraud
20,S13,232.2,9.6,0.03235,charging,fraud
21,S13,232.2,9.7,0.03297,charging,fraud
22,S13,232.2,9.4,0.03358,charging,fraud
23,S13,231.6,10.1,0.03423,charging,fraud
24,S13,232.6,10.1,0.03488,charging,fraud
25,S13,232.2,10.1,0.03553,charging,fraud
26,S13,232.5,9.8,0.03617,charging,fraud
27,S13,233.3,9.7,0.0368,charging,fraud
28,S13,232.4,10.0,0.03744,charging,fraud
29,S13,233.2,9.6,0.03806,finished,fraud
0,S14,230.4,10.1,0.00065,charging,normal
1,S14,231.4,9.8,0.00128,charging,normal
2,S14,231.8,10.1,0.00193,charging,normal
3,S14,232.0,10.1,0.00258,charging,normal
4,S14,230.5,10.1,0.00322,charging,normal
5,S14,231.4,10.3,0.00389,charging,normal
6,S14,230.9,9.5,0.0045,charging,normal
7,S14,230.5,9.9,0.00513,charging,normal
8,S14,230.4,10.2,0.00578,charging,normal
9,S14,232.0,9.9,0.00642,charging,normal
10,S14,230.7,9.4,0.00702,charging,normal
11,S14,231.5,10.3,0.00769,charging,normal
12,S14,231.0,10.1,0.00833,charging,normal
13,S14,230.7,10.0,0.00897,charging,normal
14,S14,231.4,9.6,0.00959,charging,normal
15,S14,230.8,10.2,0.01024,charging,normal
16,S14,231.7,9.9,0.01088,charging,normal
17,S14,230.1,9.9,0.01151,charging,normal
18,S14,230.1,10.1,0.01216,charging,normal
19,S14,230.6,10.3,0.01282,charging,normal
20,S14,231.9,10.2,0.01348,charging,normal
21,S14,230.6,9.4,0.01408,charging,normal
22,S14,231.8,9.5,0.01469,charging,normal
23,S14,230.4,10.1,0.01534,charging,normal
24,S14,230.9,10.3,0.016,charging,normal
25,S14,230.7,10.3,0.01666,charging,normal
26,S14,231.2,9.5,0.01727,charging,normal
27,S14,231.7,9.5,0.01788,charging,normal
28,S14,230.7,9.6,0.01849,charging,normal
29,S14,231.4,9.7,0.01912,finished,normal
0,S15,232.7,10.6,0.00069,charging,normal
1,S15,232.7,10.6,0.00137,charging,normal
2,S15,233.5,10.5,0.00205,charging,normal
3,S15,233.7,10.3,0.00272,charging,normal
4,S15,232.8,10.5,0.0034,charging,normal
5,S15,231.8,10.7,0.00409,charging,normal
6,S15,232.3,10.5,0.00477,charging,normal
7,S15,233.2,10.2,0.00543,charging,normal
8,S15,233.1,10.3,0.00609,charging,normal
9,S15,233.0,10.9,0.0068,charging,normal
10,S15,232.1,10.0,0.00744,charging,normal
11,S15,232.3,10.5,0.00812,charging,normal
12,S15,232.4,10.3,0.00879,charging,normal
13,S15,233.5,10.3,0.00945,charging,normal
14,S15,233.4,10.9,0.01016,charging,normal
15,S15,233.6,10.3,0.01083,charging,normal
16,S15,232.0,10.6,0.01151,charging,normal
17,S15,232.8,10.6,0.0122,charging,normal
18,S15,233.5,10.8,0.0129,charging,normal
19,S15,232.4,10.4,0.01357,charging,normal
20,S15,232.4,10.9,0.01427,charging,normal
21,S15,232.1,10.6,0.01496,charging,normal
22,S15,232.8,10.2,0.01562,charging,normal
23,S15,232.8,10.6,0.0163,charging,normal
24,S15,233.5,10.8,0.017,charging,normal
25,S15,232.7,10.1,0.01765,charging,normal
26,S15,232.2,10.5,0.01833,charging,normal
27,S15,232.8,10.3,0.019,charging,normal
28,S15,232.9,9.9,0.01964,charging,normal
29,S15,232.2,10.0,0.02028,finished,normal
0,S16,230.8,10.0,0.00064,charging,normal
1,S16,231.1,9.2,0.00123,charging,normal
2,S16,230.5,9.2,0.00182,charging,normal
3,S16,230.9,10.0,0.00246,charging,normal
4,S16,232.0,9.9,0.0031,charging,normal
5,S16,231.8,10.0,0.00374,charging,normal
6,S16,230.7,9.5,0.00435,charging,normal
7,S16,232.0,9.4,0.00496,charging,normal
8,S16,232.0,9.2,0.00555,charging,normal
9,S16,230.7,9.7,0.00617,charging,normal
10,S16,230.8,9.9,0.00681,charging,normal
11,S16,230.7,9.5,0.00742,charging,normal
12,S16,230.7,10.1,0.00806,charging,normal
13,S16,231.7,9.6,0.00868,charging,normal
14,S16,230.5,9.3,0.00928,charging,normal
15,S16,231.7,9.9,0.00991,charging,normal
16,S16,232.0,9.8,0.01055,charging,normal
17,S16,231.2,9.8,0.01118,charging,normal
18,S16,231.8,9.6,0.01179,charging,normal
19,S16,231.3,9.3,0.01239,charging,normal
20,S16,231.7,9.6,0.01301,charging,normal
21,S16,232.3,10.0,0.01365,charging,normal
22,S16,232.4,9.3,0.01425,charging,normal
23,S16,232.3,10.0,0.0149,charging,normal
24,S16,232.3,10.0,0.01554,charging,normal
25,S16,231.7,9.9,0.01618,charging,normal
26,S16,232.4,9.5,0.0168,charging,normal
27,S16,230.6,9.9,0.01743,charging,normal
28,S16,231.0,9.5,0.01804,charging,normal
29,S16,231.5,9.3,0.01864,finished,normal
0,S17,233.7,10.0,0.00065,charging,normal
1,S17,232.2,9.9,0.00129,charging,normal
2,S17,232.1,10.3,0.00195,charging,normal
3,S17,232.1,10.3,0.00262,charging,normal
4,S17,232.7,10.3,0.00328,charging,normal
5,S17,232.2,10.5,0.00396,charging,normal
6,S17,231.9,10.3,0.00462,charging,normal
7,S17,233.7,9.9,0.00527,charging,normal
8,S17,233.5,10.1,0.00592,charging,normal
9,S17,232.8,10.3,0.00659,charging,normal
10,S17,233.3,10.0,0.00723,charging,normal
11,S17,233.4,10.3,0.0079,charging,normal
12,S17,232.8,10.5,0.00858,charging,normal
13,S17,233.7,9.7,0.00921,charging,normal
14,S17,232.3,10.4,0.00988,charging,normal
15,S17,232.1,10.3,0.01055,charging,normal
16,S17,233.2,9.8,0.01118,charging,normal
17,S17,233.3,9.8,0.01182,charging,normal
18,S17,232.4,10.2,0.01247,charging,normal
19,S17,232.9,10.0,0.01312,charging,normal
20,S17,233.4,10.1,0.01378,charging,normal
21,S17,233.6,10.0,0.01442,charging,normal
22,S17,232.3,10.2,0.01508,charging,normal
23,S17,232.5,9.6,0.0157,charging,normal
24,S17,233.9,9.8,0.01634,charging,normal
25,S17,233.2,10.0,0.01699,charging,normal
26,S17,232.2,9.6,0.01761,charging,normal
27,S17,232.8,10.0,0.01825,charging,normal
28,S17,233.2,9.8,0.01889,charging,normal
29,S17,232.6,10.0,0.01953,finished,normal
0,S18,228.0,10.0,0.00063,charging,normal
1,S18,228.1,9.7,0.00125,charging,normal
2,S18,227.7,10.2,0.00189,charging,normal
3,S18,227.5,9.5,0.00249,charging,normal
4,S18,227.5,9.4,0.00309,charging,normal
5,S18,228.0,9.2,0.00367,charging,normal
6,S18,227.9,9.9,0.0043,charging,normal
7,S18,228.2,10.0,0.00493,charging,normal
8,S18,228.0,10.1,0.00557,charging,normal
9,S18,226.8,9.7,0.00618,charging,normal
10,S18,227.7,9.5,0.00678,charging,normal
11,S18,227.4,9.2,0.00736,charging,normal
12,S18,226.9,9.4,0.00796,charging,normal
13,S18,227.4,10.0,0.00859,charging,normal
14,S18,226.6,9.6,0.00919,charging,normal
15,S18,227.0,9.4,0.00978,charging,normal
16,S18,228.0,9.5,0.01039,charging,normal
17,S18,226.8,9.6,0.01099,charging,normal
18,S18,226.6,9.3,0.01158,charging,normal
19,S18,227.0,10.0,0.01221,charging,normal
20,S18,228.2,9.4,0.0128,charging,normal
21,S18,227.1,9.9,0.01343,charging,normal
22,S18,227.1,10.2,0.01407,charging,normal
23,S18,228.3,9.3,0.01466,charging,normal
24,S18,226.6,9.5,0.01526,charging,normal
25,S18,228.2,10.0,0.01589,charging,normal
26,S18,227.7,10.0,0.01653,charging,normal
27,S18,226.5,10.0,0.01715,charging,normal
28,S18,227.2,9.6,0.01776,charging,normal
29,S18,226.6,10.1,0.0184,finished,normal
0,S19,229.1,9.7,0.00062,charging,fraud
1,S19,229.3,9.7,0.00124,charging,fraud
2,S19,228.8,9.3,0.00183,charging,fraud
3,S19,230.2,9.4,0.00243,charging,fraud
4,S19,228.9,9.4,0.00302,charging,fraud
5,S19,229.6,9.6,0.00364,charging,fraud
6,S19,229.6,9.5,0.00424,charging,fraud
7,S19,229.8,9.1,0.00482,charging,fraud
8,S19,230.3,8.9,0.00539,charging,fraud
9,S19,229.4,8.9,0.00596,charging,fraud
10,S19,229.5,9.2,0.0,charging,fraud
11,S19,230.3,9.2,0.0,charging,fraud
12,S19,228.5,9.1,0.0,charging,fraud
13,S19,229.3,9.8,0.0,charging,fraud
14,S19,229.1,9.6,0.0,charging,fraud
15,S19,228.8,9.8,0.00062,charging,fraud
16,S19,228.6,9.8,0.00125,charging,fraud
17,S19,229.3,9.7,0.00186,charging,fraud
18,S19,228.8,9.5,0.00247,charging,fraud
19,S19,228.7,9.0,0.00304,charging,fraud
20,S19,229.1,9.6,0.00365,charging,fraud
21,S19,229.8,9.6,0.00426,charging,fraud
22,S19,228.3,8.9,0.00483,charging,fraud
23,S19,229.2,9.4,0.00543,charging,fraud
24,S19,228.4,9.5,0.00603,charging,fraud
25,S19,229.7,9.6,0.00664,charging,fraud
26,S19,229.0,9.1,0.00722,charging,fraud
27,S19,230.0,9.1,0.0078,charging,fraud
28,S19,229.3,9.5,0.00841,charging,fraud
29,S19,229.2,9.8,0.00903,finished,fraud
0,S20,230.5,10.3,0.00066,charging,fraud
1,S20,229.4,11.1,0.00137,charging,fraud
2,S20,229.6,10.6,0.00204,charging,fraud
3,S20,229.0,11.1,0.00275,charging,fraud
4,S20,230.1,11.1,0.00346,charging,fraud
5,S20,228.7,10.4,0.00412,charging,fraud
6,S20,230.5,11.2,0.00484,charging,fraud
7,S20,230.2,10.9,0.00553,charging,fraud
8,S20,229.0,10.4,0.00619,charging,fraud
9,S20,229.8,10.5,0.00687,charging,fraud
10,S20,230.0,75.9,0.01171,charging,fraud
11,S20,230.0,57.4,0.01538,charging,fraud
12,S20,229.4,61.9,0.01933,charging,fraud
13,S20,230.0,72.4,0.02395,charging,fraud
14,S20,229.0,59.1,0.02771,charging,fraud
15,S20,230.4,10.8,0.0284,charging,fraud
16,S20,229.4,11.2,0.02912,charging,fraud
17,S20,229.5,10.7,0.0298,charging,fraud
18,S20,228.9,10.4,0.03046,charging,fraud
19,S20,230.4,10.7,0.03114,charging,fraud
20,S20,229.8,11.1,0.03185,charging,fraud
21,S20,230.4,10.3,0.03251,charging,fraud
22,S20,230.2,10.9,0.03321,charging,fraud
23,S20,228.9,10.6,0.03388,charging,fraud
24,S20,230.5,10.6,0.03456,charging,fraud
25,S20,230.3,10.4,0.03523,charging,fraud
26,S20,228.8,11.0,0.03593,charging,fraud
27,S20,230.2,10.4,0.03659,charging,fraud
28,S20,229.3,10.7,0.03727,charging,fraud
29,S20,229.1,11.0,0.03797,finished,fraud
0,S21,229.0,9.3,0.00059,charging,normal
1,S21,229.2,9.1,0.00117,charging,normal
2,S21,228.9,8.8,0.00173,charging,normal
3,S21,228.7,8.7,0.00228,charging,normal
4,S21,227.9,9.4,0.00288,charging,normal
5,S21,228.3,8.9,0.00344,charging,normal
6,S21,229.4,8.8,0.004,charging,normal
7,S21,228.1,8.9,0.00457,charging,normal
8,S21,228.0,8.7,0.00512,charging,normal
9,S21,229.1,9.3,0.00571,charging,normal
10,S21,228.1,9.4,0.00631,charging,normal
11,S21,229.6,9.5,0.00691,charging,normal
12,S21,228.7,9.3,0.0075,charging,normal
13,S21,228.5,8.9,0.00807,charging,normal
14,S21,228.0,9.0,0.00864,charging,normal
15,S21,228.1,9.3,0.00923,charging,normal
16,S21,229.3,8.9,0.00979,charging,normal
17,S21,228.1,9.3,0.01038,charging,normal
18,S21,229.4,9.2,0.01097,charging,normal
19,S21,227.9,8.9,0.01153,charging,normal
20,S21,228.2,9.5,0.01213,charging,normal
21,S21,227.8,9.1,0.01271,charging,normal
22,S21,228.2,8.9,0.01327,charging,normal
23,S21,228.0,9.4,0.01387,charging,normal
24,S21,229.1,8.7,0.01442,charging,normal
25,S21,228.9,9.4,0.01502,charging,normal
26,S21,229.4,8.9,0.01559,charging,normal
27,S21,228.3,9.4,0.01618,charging,normal
28,S21,228.0,9.3,0.01677,charging,normal
29,S21,227.9,8.6,0.01732,finished,normal
0,S22,230.5,11.1,0.00071,charging,normal
1,S22,231.0,10.6,0.00139,charging,normal
2,S22,230.9,10.8,0.00208,charging,normal
3,S22,231.1,10.4,0.00275,charging,normal
4,S22,229.5,10.7,0.00343,charging,normal
5,S22,231.1,11.1,0.00415,charging,normal
6,S22,229.7,11.3,0.00487,charging,normal
7,S22,231.3,10.9,0.00557,charging,normal
8,S22,229.4,11.4,0.00629,charging,normal
9,S22,229.9,10.6,0.00697,charging,normal
10,S22,230.9,11.3,0.0077,charging,normal
11,S22,229.5,10.8,0.00838,charging,normal
12,S22,230.7,11.3,0.00911,charging,normal
13,S22,231.2,10.9,0.00981,charging,normal
14,S22,230.6,10.5,0.01048,charging,normal
15,S22,231.1,11.2,0.0112,charging,normal
16,S22,230.2,10.5,0.01187,charging,normal
17,S22,231.2,11.3,0.0126,charging,normal
18,S22,230.2,11.3,0.01332,charging,normal
19,S22,231.0,10.5,0.01399,charging,normal
20,S22,230.3,10.8,0.01468,charging,normal
21,S22,231.1,10.8,0.01538,charging,normal
22,S22,230.3,10.6,0.01606,charging,normal
23,S22,231.1,10.5,0.01673,charging,normal
24,S22,230.2,10.7,0.01741,charging,normal
25,S22,230.0,10.6,0.01809,charging,normal
26,S22,231.0,11.3,0.01882,charging,normal
27,S22,230.8,11.4,0.01955,charging,normal
28,S22,230.0,11.0,0.02025,charging,normal
29,S22,229.3,11.4,0.02098,finished,normal
0,S23,229.5,10.2,0.00065,charging,fraud
1,S23,230.3,10.8,0.00134,charging,fraud
2,S23,229.0,10.9,0.00203,charging,fraud
3,S23,229.2,10.9,0.00273,charging,fraud
4,S23,229.1,11.0,0.00343,charging,fraud
5,S23,228.5,11.0,0.00413,charging,fraud
6,S23,229.0,10.3,0.00478,charging,fraud
7,S23,230.4,11.1,0.00549,charging,fraud
8,S23,229.0,10.3,0.00615,charging,fraud
9,S23,230.3,10.1,0.00679,charging,fraud
10,S23,229.3,10.2,0.0,charging,fraud
11,S23,230.1,11.1,0.0,charging,fraud
12,S23,230.1,11.0,0.0,charging,fraud
13,S23,229.3,10.4,0.0,charging,fraud
14,S23,229.7,11.0,0.0,charging,fraud
15,S23,229.5,10.5,0.00067,charging,fraud
16,S23,230.1,10.7,0.00135,charging,fraud
17,S23,230.2,10.5,0.00202,charging,fraud
18,S23,229.5,10.5,0.00269,charging,fraud
19,S23,229.5,10.9,0.00339,charging,fraud
20,S23,229.2,10.8,0.00408,charging,fraud
21,S23,230.3,10.6,0.00475,charging,fraud
22,S23,229.3,10.4,0.00542,charging,fraud
23,S23,230.2,11.1,0.00613,charging,fraud
24,S23,229.9,10.3,0.00678,charging,fraud
25,S23,229.1,10.5,0.00745,charging,fraud
26,S23,229.9,10.7,0.00814,charging,fraud
27,S23,230.4,10.2,0.00879,charging,fraud
28,S23,229.6,10.7,0.00947,charging,fraud
29,S23,229.4,10.2,0.01012,finished,fraud
0,S24,229.2,10.6,0.00067,charging,normal
1,S24,229.3,10.4,0.00134,charging,normal
2,S24,229.0,10.8,0.00202,charging,normal
3,S24,229.1,10.3,0.00268,charging,normal
4,S24,230.3,10.3,0.00334,charging,normal
5,S24,230.5,10.3,0.004,charging,normal
6,S24,229.9,10.6,0.00468,charging,normal
7,S24,229.7,10.1,0.00532,charging,normal
8,S24,229.5,10.4,0.00598,charging,normal
9,S24,230.5,10.0,0.00662,charging,normal
10,S24,230.2,10.5,0.00729,charging,normal
11,S24,228.9,10.3,0.00795,charging,normal
12,S24,230.4,10.6,0.00863,charging,normal
13,S24,229.2,10.3,0.00928,charging,normal
14,S24,229.4,10.9,0.00998,charging,normal
15,S24,230.5,10.1,0.01062,charging,normal
16,S24,230.2,10.3,0.01128,charging,normal
17,S24,229.9,10.4,0.01195,charging,normal
18,S24,230.0,10.1,0.01259,charging,normal
19,S24,229.2,10.3,0.01325,charging,normal
20,S24,229.3,10.0,0.01389,charging,normal
21,S24,229.6,10.9,0.01458,charging,normal
22,S24,229.2,10.5,0.01525,charging,normal
23,S24,228.7,10.3,0.0159,charging,normal
24,S24,230.1,10.9,0.0166,charging,normal
25,S24,229.3,10.5,0.01727,charging,normal
26,S24,230.5,10.1,0.01792,charging,normal
27,S24,229.3,10.5,0.01858,charging,normal
28,S24,229.3,10.0,0.01922,charging,normal
29,S24,229.9,10.2,0.01987,finished,normal
0,S25,231.4,11.0,0.00071,charging,normal
1,S25,231.3,11.0,0.00141,charging,normal
2,S25,231.7,11.2,0.00213,charging,normal
3,S25,231.8,11.1,0.00285,charging,normal
4,S25,230.8,10.9,0.00355,charging,normal
5,S25,231.8,10.3,0.00421,charging,normal
6,S25,230.4,10.9,0.00491,charging,normal
7,S25,231.2,11.2,0.00563,charging,normal
8,S25,230.5,10.6,0.00631,charging,normal
9,S25,232.1,11.2,0.00703,charging,normal
10,S25,232.0,11.1,0.00774,charging,normal
11,S25,231.3,10.5,0.00842,charging,normal
12,S25,232.0,10.3,0.00908,charging,normal
13,S25,230.9,10.5,0.00976,charging,normal
14,S25,231.5,10.5,0.01043,charging,normal
15,S25,230.7,10.5,0.0111,charging,normal
16,S25,231.4,11.1,0.01182,charging,normal
17,S25,231.7,11.0,0.01253,charging,normal
18,S25,231.1,10.3,0.01319,charging,normal
19,S25,230.8,11.3,0.01391,charging,normal
20,S25,231.6,10.4,0.01458,charging,normal
21,S25,230.9,10.5,0.01525,charging,normal
22,S25,231.4,11.1,0.01597,charging,normal
23,S25,231.4,10.5,0.01664,charging,normal
24,S25,231.1,11.1,0.01735,charging,normal
25,S25,231.1,11.1,0.01807,charging,normal
26,S25,231.7,11.0,0.01878,charging,normal
27,S25,232.1,11.0,0.01948,charging,normal
28,S25,230.9,10.8,0.02018,charging,normal
29,S25,231.7,10.4,0.02085,finished,normal
0,S26,226.7,10.7,0.00067,charging,normal
1,S26,228.0,10.9,0.00136,charging,normal
2,S26,228.6,10.9,0.00206,charging,normal
3,S26,227.7,10.4,0.00271,charging,normal
4,S26,228.2,10.8,0.0034,charging,normal
5,S26,227.1,10.9,0.00409,charging,normal
6,S26,227.1,10.2,0.00473,charging,normal
7,S26,228.4,10.7,0.00541,charging,normal
8,S26,228.5,10.6,0.00608,charging,normal
9,S26,227.6,10.9,0.00677,charging,normal
10,S26,227.2,10.8,0.00745,charging,normal
11,S26,227.6,10.5,0.00812,charging,normal
12,S26,227.8,10.8,0.0088,charging,normal
13,S26,228.1,10.6,0.00947,charging,normal
14,S26,227.2,10.7,0.01015,charging,normal
15,S26,226.9,10.2,0.01079,charging,normal
16,S26,227.6,10.2,0.01143,charging,normal
17,S26,227.1,10.2,0.01208,charging,normal
18,S26,226.9,10.2,0.01272,charging,normal
19,S26,228.3,10.3,0.01337,charging,normal
20,S26,226.7,10.2,0.01402,charging,normal
21,S26,228.2,10.0,0.01465,charging,normal
22,S26,228.4,10.4,0.01531,charging,normal
23,S26,227.2,10.6,0.01598,charging,normal
24,S26,227.5,10.4,0.01664,charging,normal
25,S26,226.7,10.9,0.01732,charging,normal
26,S26,226.7,10.5,0.01798,charging,normal
27,S26,227.0,10.2,0.01863,charging,normal
28,S26,227.5,10.9,0.01932,charging,normal
29,S26,228.2,10.8,0.02,finished,normal
0,S27,230.3,9.6,0.00061,charging,normal
1,S27,230.2,9.8,0.00124,charging,normal
2,S27,230.6,9.5,0.00185,charging,normal
3,S27,230.5,9.6,0.00246,charging,normal
4,S27,230.1,10.3,0.00312,charging,normal
5,S27,230.1,9.5,0.00373,charging,normal
6,S27,231.1,9.8,0.00436,charging,normal
7,S27,230.2,9.5,0.00497,charging,normal
8,S27,230.9,10.1,0.00561,charging,normal
9,S27,230.9,10.0,0.00626,charging,normal
10,S27,230.6,10.2,0.00691,charging,normal
11,S27,231.4,9.6,0.00753,charging,normal
12,S27,230.9,10.0,0.00817,charging,normal
13,S27,231.8,9.8,0.0088,charging,normal
14,S27,230.7,9.9,0.00943,charging,normal
15,S27,230.5,10.2,0.01009,charging,normal
16,S27,231.6,9.7,0.01071,charging,normal
17,S27,231.6,10.5,0.01139,charging,normal
18,S27,231.2,9.7,0.01201,charging,normal
19,S27,230.1,10.1,0.01265,charging,normal
20,S27,231.0,9.9,0.01329,charging,normal
21,S27,230.1,10.3,0.01395,charging,normal
22,S27,230.6,10.3,0.01461,charging,normal
23,S27,230.1,9.6,0.01522,charging,normal
24,S27,229.9,10.5,0.01589,charging,normal
25,S27,231.4,9.6,0.01651,charging,normal
26,S27,230.8,9.9,0.01714,charging,normal
27,S27,230.7,10.5,0.01782,charging,normal
28,S27,231.0,10.2,0.01847,charging,normal
29,S27,230.2,10.0,0.01911,finished,normal
0,S28,227.4,10.9,0.00069,charging,normal
1,S28,228.0,11.2,0.0014,charging,normal
2,S28,227.8,10.8,0.00208,charging,normal
3,S28,227.4,11.2,0.00279,charging,normal
4,S28,226.6,11.0,0.00348,charging,normal
5,S28,227.0,10.6,0.00415,charging,normal
6,S28,227.4,10.4,0.00481,charging,normal
7,S28,227.9,10.7,0.00548,charging,normal
8,S28,227.3,11.1,0.00618,charging,normal
9,S28,227.2,10.7,0.00686,charging,normal
10,S28,227.5,11.1,0.00756,charging,normal
11,S28,226.7,10.7,0.00824,charging,normal
12,S28,227.6,11.1,0.00894,charging,normal
13,S28,227.4,10.9,0.00963,charging,normal
14,S28,226.7,10.8,0.01031,charging,normal
15,S28,226.7,10.6,0.01097,charging,normal
16,S28,226.6,11.1,0.01167,charging,normal
17,S28,227.0,10.4,0.01233,charging,normal
18,S28,227.5,10.7,0.013,charging,normal
19,S28,227.1,10.9,0.01369,charging,normal
20,S28,227.9,10.5,0.01436,charging,normal
21,S28,228.1,10.5,0.01502,charging,normal
22,S28,228.3,10.6,0.01569,charging,normal
23,S28,228.3,11.2,0.0164,charging,normal
24,S28,228.3,10.9,0.0171,charging,normal
25,S28,227.4,10.8,0.01778,charging,normal
26,S28,228.2,11.3,0.01849,charging,normal
27,S28,228.2,10.9,0.01918,charging,normal
28,S28,227.0,10.6,0.01985,charging,normal
29,S28,226.8,11.4,0.02057,finished,normal
0,S29,232.0,10.0,0.00064,charging,normal
1,S29,231.5,9.8,0.00127,charging,normal
2,S29,232.4,10.4,0.00195,charging,normal
3,S29,231.9,9.7,0.00257,charging,normal
4,S29,231.6,9.8,0.0032,charging,normal
5,S29,232.5,10.2,0.00386,charging,normal
6,S29,232.8,10.2,0.00452,charging,normal
7,S29,232.6,10.4,0.00519,charging,normal
8,S29,233.0,10.6,0.00588,charging,normal
9,S29,231.9,9.9,0.00652,charging,normal
10,S29,233.0,10.1,0.00717,charging,normal
11,S29,231.4,9.7,0.00779,charging,normal
12,S29,232.7,10.5,0.00847,charging,normal
13,S29,231.4,10.4,0.00914,charging,normal
14,S29,231.7,9.7,0.00976,charging,normal
15,S29,231.9,10.4,0.01043,charging,normal
16,S29,231.4,9.8,0.01106,charging,normal
17,S29,232.3,10.6,0.01175,charging,normal
18,S29,232.7,10.4,0.01242,charging,normal
19,S29,232.5,10.2,0.01308,charging,normal
20,S29,231.6,9.9,0.01372,charging,normal
21,S29,231.2,10.5,0.01439,charging,normal
22,S29,231.8,10.5,0.01507,charging,normal
23,S29,232.6,9.7,0.01569,charging,normal
24,S29,231.3,9.7,0.01632,charging,normal
25,S29,232.6,10.4,0.01699,charging,normal
26,S29,232.4,10.1,0.01764,charging,normal
27,S29,232.6,10.3,0.01831,charging,normal
28,S29,231.4,10.4,0.01897,charging,normal
29,S29,231.9,9.7,0.0196,finished,normal
0,S30,231.9,10.3,0.00066,charging,normal
1,S30,231.4,10.4,0.00133,charging,normal
2,S30,232.2,10.9,0.00204,charging,normal
3,S30,231.2,10.7,0.00272,charging,normal
4,S30,232.1,10.4,0.00339,charging,normal
5,S30,231.1,10.9,0.00409,charging,normal
6,S30,230.8,10.2,0.00475,charging,normal
7,S30,231.8,10.4,0.00542,charging,normal
8,S30,232.7,10.6,0.0061,charging,normal
9,S30,231.6,10.5,0.00678,charging,normal
10,S30,230.8,10.5,0.00745,charging,normal
11,S30,232.3,11.0,0.00816,charging,normal
12,S30,231.9,10.5,0.00884,charging,normal
13,S30,231.7,10.8,0.00953,charging,normal
14,S30,232.4,11.0,0.01024,charging,normal
15,S30,231.5,11.0,0.01095,charging,normal
16,S30,231.9,10.6,0.01163,charging,normal
17,S30,232.2,10.3,0.0123,charging,normal
18,S30,232.1,11.1,0.01301,charging,normal
19,S30,232.3,11.0,0.01372,charging,normal
20,S30,232.7,10.4,0.01439,charging,normal
21,S30,232.7,10.2,0.01505,charging,normal
22,S30,232.1,10.6,0.01574,charging,normal
23,S30,231.1,11.0,0.01644,charging,normal
24,S30,231.5,11.0,0.01715,charging,normal
25,S30,232.5,10.5,0.01783,charging,normal
26,S30,231.2,10.3,0.01849,charging,normal
27,S30,232.6,11.1,0.01921,charging,normal
28,S30,231.7,10.3,0.01987,charging,normal
29,S30,232.1,10.8,0.02057,finished,normal
0,S31,227.4,9.6,0.00061,charging,normal
1,S31,227.6,9.0,0.00118,charging,normal
2,S31,227.7,9.6,0.00178,charging,normal
3,S31,227.0,9.2,0.00236,charging,normal
4,S31,227.3,9.4,0.00296,charging,normal
5,S31,226.4,9.3,0.00354,charging,normal
6,S31,226.5,9.4,0.00413,charging,normal
7,S31,226.6,8.8,0.00469,charging,normal
8,S31,226.9,9.1,0.00526,charging,normal
9,S31,227.5,9.5,0.00586,charging,normal
10,S31,228.2,9.5,0.00646,charging,normal
11,S31,226.7,9.7,0.00707,charging,normal
12,S31,226.6,8.8,0.00763,charging,normal
13,S31,226.8,9.7,0.00824,charging,normal
14,S31,227.5,9.5,0.00884,charging,normal
15,S31,227.2,9.5,0.00944,charging,normal
16,S31,227.9,9.3,0.01003,charging,normal
17,S31,226.2,9.6,0.01063,charging,normal
18,S31,226.2,9.4,0.01122,charging,normal
19,S31,226.2,9.3,0.01181,charging,normal
20,S31,227.8,9.3,0.01239,charging,normal
21,S31,227.1,9.0,0.01296,charging,normal
22,S31,227.4,9.2,0.01354,charging,normal
23,S31,227.3,9.4,0.01414,charging,normal
24,S31,227.4,8.8,0.01469,charging,normal
25,S31,228.1,8.7,0.01524,charging,normal
26,S31,227.9,9.7,0.01586,charging,normal
27,S31,227.9,8.7,0.01641,charging,normal
28,S31,227.1,9.3,0.01699,charging,normal
29,S31,227.0,8.7,0.01754,finished,normal
0,S32,231.4,9.2,0.00059,charging,normal
1,S32,232.9,9.3,0.00119,charging,normal
2,S32,232.3,9.4,0.0018,charging,normal
3,S32,232.1,9.4,0.00241,charging,normal
4,S32,232.0,9.6,0.00302,charging,normal
5,S32,232.6,9.1,0.00361,charging,normal
6,S32,232.8,9.5,0.00423,charging,normal
7,S32,231.4,9.1,0.00481,charging,normal
8,S32,232.0,9.9,0.00545,charging,normal
9,S32,233.3,9.8,0.00608,charging,normal
10,S32,231.5,9.0,0.00666,charging,normal
11,S32,233.3,9.5,0.00728,charging,normal
12,S32,232.9,10.0,0.00793,charging,normal
13,S32,233.0,9.1,0.00851,charging,normal
14,S32,231.5,9.8,0.00915,charging,normal
15,S32,232.5,9.9,0.00978,charging,normal
16,S32,232.4,9.7,0.01041,charging,normal
17,S32,232.4,9.9,0.01105,charging,normal
18,S32,231.6,9.0,0.01163,charging,normal
19,S32,232.7,9.5,0.01224,charging,normal
20,S32,232.2,9.8,0.01287,charging,normal
21,S32,232.6,9.2,0.01347,charging,normal
22,S32,232.9,9.3,0.01407,charging,normal
23,S32,232.4,9.6,0.01469,charging,normal
24,S32,233.1,9.7,0.01532,charging,normal
25,S32,233.2,9.5,0.01593,charging,normal
26,S32,231.7,9.4,0.01654,charging,normal
27,S32,232.8,9.3,0.01714,charging,normal
28,S32,232.0,9.3,0.01774,charging,normal
29,S32,232.4,9.7,0.01837,finished,normal
0,S33,230.7,10.0,0.00064,charging,normal
1,S33,230.7,9.9,0.00128,charging,normal
2,S33,229.6,9.7,0.00189,charging,normal
3,S33,230.4,9.1,0.00248,charging,normal
4,S33,230.6,9.2,0.00307,charging,normal
5,S33,230.8,9.2,0.00366,charging,normal
6,S33,231.0,9.2,0.00425,charging,normal
7,S33,229.2,10.0,0.00488,charging,normal
8,S33,229.3,9.4,0.00548,charging,normal
9,S33,230.8,9.4,0.00608,charging,normal
10,S33,230.2,9.7,0.0067,charging,normal
11,S33,230.6,9.8,0.00733,charging,normal
12,S33,230.4,9.7,0.00795,charging,normal
13,S33,230.0,9.7,0.00857,charging,normal
14,S33,229.8,9.5,0.00918,charging,normal
15,S33,230.1,9.4,0.00978,charging,normal
16,S33,229.6,9.5,0.01039,charging,normal
17,S33,229.8,9.9,0.01102,charging,normal
18,S33,230.1,9.3,0.01161,charging,normal
19,S33,230.4,9.3,0.01221,charging,normal
20,S33,229.6,9.5,0.01281,charging,normal
21,S33,229.7,9.2,0.0134,charging,normal
22,S33,230.7,9.5,0.01401,charging,normal
23,S33,229.8,9.6,0.01462,charging,normal
24,S33,229.3,9.6,0.01523,charging,normal
25,S33,229.3,9.6,0.01584,charging,normal
26,S33,230.0,10.1,0.01649,charging,normal
27,S33,231.2,9.1,0.01707,charging,normal
28,S33,230.3,9.4,0.01768,charging,normal
29,S33,230.6,9.7,0.0183,finished,normal
0,S34,230.9,10.3,0.00066,charging,normal
1,S34,229.9,10.9,0.00136,charging,normal
2,S34,231.2,10.1,0.00201,charging,normal
3,S34,230.6,11.0,0.00271,charging,normal
4,S34,231.2,10.3,0.00337,charging,normal
5,S34,231.3,10.3,0.00403,charging,normal
6,S34,230.1,10.9,0.00473,charging,normal
7,S34,230.9,10.1,0.00538,charging,normal
8,S34,230.2,10.4,0.00604,charging,normal
9,S34,231.3,11.0,0.00675,charging,normal
10,S34,230.0,10.8,0.00744,charging,normal
11,S34,229.8,10.9,0.00814,charging,normal
12,S34,229.8,10.7,0.00882,charging,normal
13,S34,230.4,11.0,0.00952,charging,normal
14,S34,231.1,10.5,0.0102,charging,normal
15,S34,231.5,10.3,0.01086,charging,normal
16,S34,230.8,10.7,0.01154,charging,normal
17,S34,231.5,10.7,0.01223,charging,normal
18,S34,231.3,10.3,0.01289,charging,normal
19,S34,230.8,10.9,0.01359,charging,normal
20,S34,230.3,10.2,0.01425,charging,normal
21,S34,231.2,10.2,0.0149,charging,normal
22,S34,230.0,10.8,0.01559,charging,normal
23,S34,230.9,10.1,0.01624,charging,normal
24,S34,231.1,10.9,0.01694,charging,normal
25,S34,231.2,10.8,0.01763,charging,normal
26,S34,230.8,11.0,0.01834,charging,normal
27,S34,230.6,11.0,0.01904,charging,normal
28,S34,230.3,10.7,0.01973,charging,normal
29,S34,229.9,10.7,0.02041,finished,normal
0,S35,228.7,10.4,0.00066,charging,normal
1,S35,229.4,11.0,0.00136,charging,normal
2,S35,228.0,10.9,0.00205,charging,normal
3,S35,228.7,10.6,0.00273,charging,normal
4,S35,228.8,10.5,0.00339,charging,normal
5,S35,228.2,10.8,0.00408,charging,normal
6,S35,229.5,10.6,0.00475,charging,normal
7,S35,229.4,10.4,0.00542,charging,normal
8,S35,228.1,11.0,0.00611,charging,normal
9,S35,228.3,10.5,0.00678,charging,normal
10,S35,229.2,10.7,0.00746,charging,normal
11,S35,228.9,10.9,0.00815,charging,normal
12,S35,228.4,10.3,0.00881,charging,normal
13,S35,229.4,10.3,0.00946,charging,normal
14,S35,228.5,10.4,0.01012,charging,normal
15,S35,228.7,10.3,0.01078,charging,normal
16,S35,228.3,11.1,0.01148,charging,normal
17,S35,229.3,10.5,0.01215,charging,normal
18,S35,229.2,10.4,0.01281,charging,normal
19,S35,229.9,10.9,0.01351,charging,normal
20,S35,229.4,10.2,0.01416,charging,normal
21,S35,228.1,11.0,0.01486,charging,normal
22,S35,228.9,10.2,0.0155,charging,normal
23,S35,229.0,10.9,0.0162,charging,normal
24,S35,228.4,11.0,0.01689,charging,normal
25,S35,228.9,10.9,0.01759,charging,normal
26,S35,228.1,10.3,0.01824,charging,normal
27,S35,229.7,10.4,0.0189,charging,normal
28,S35,229.0,10.6,0.01958,charging,normal
29,S35,229.4,11.1,0.02029,finished,normal
0,S36,229.8,9.2,0.00059,charging,fraud
1,S36,229.5,9.3,0.00118,charging,fraud
2,S36,229.9,9.5,0.00179,charging,fraud
3,S36,228.5,9.9,0.00242,charging,fraud
4,S36,229.4,9.5,0.00302,charging,fraud
5,S36,229.1,9.2,0.00361,charging,fraud
6,S36,228.4,9.7,0.00422,charging,fraud
7,S36,229.6,9.1,0.0048,charging,fraud
8,S36,230.0,9.1,0.00538,charging,fraud
9,S36,229.0,9.0,0.00596,charging,fraud
10,S36,229.7,62.1,0.00992,charging,fraud
11,S36,228.9,67.9,0.01424,charging,fraud
12,S36,228.2,79.1,0.01925,charging,fraud
13,S36,229.6,78.4,0.02425,charging,fraud
14,S36,228.3,78.3,0.02922,charging,fraud
15,S36,228.2,9.5,0.02982,charging,fraud
16,S36,228.3,8.9,0.03038,charging,fraud
17,S36,228.4,9.7,0.031,charging,fraud
18,S36,229.9,9.2,0.03158,charging,fraud
19,S36,229.9,9.2,0.03217,charging,fraud
20,S36,229.3,9.8,0.0328,charging,fraud
21,S36,229.7,9.3,0.03339,charging,fraud
22,S36,228.6,9.7,0.03401,charging,fraud
23,S36,228.8,9.2,0.03459,charging,fraud
24,S36,228.5,9.3,0.03518,charging,fraud
25,S36,228.7,9.6,0.03579,charging,fraud
26,S36,229.5,9.8,0.03642,charging,fraud
27,S36,228.5,9.8,0.03704,charging,fraud
28,S36,229.6,9.4,0.03764,charging,fraud
29,S36,229.3,9.6,0.03825,finished,fraud
0,S37,229.5,9.0,0.00057,charging,normal
1,S37,228.6,9.3,0.00116,charging,normal
2,S37,228.7,9.2,0.00175,charging,normal
3,S37,229.5,8.6,0.0023,charging,normal
4,S37,229.3,9.0,0.00287,charging,normal
5,S37,230.3,8.8,0.00343,charging,normal
6,S37,228.8,8.8,0.00399,charging,normal
7,S37,230.3,9.4,0.00459,charging,normal
8,S37,229.2,9.4,0.00519,charging,normal
9,S37,230.3,8.8,0.00576,charging,normal
10,S37,229.2,8.9,0.00632,charging,normal
11,S37,228.8,8.6,0.00687,charging,normal
12,S37,230.3,8.7,0.00743,charging,normal
13,S37,229.2,8.9,0.00799,charging,normal
14,S37,230.1,9.1,0.00857,charging,normal
15,S37,229.7,9.1,0.00915,charging,normal
16,S37,229.1,9.1,0.00973,charging,normal
17,S37,230.3,9.1,0.01032,charging,normal
18,S37,229.0,9.1,0.01089,charging,normal
19,S37,229.3,9.6,0.01151,charging,normal
20,S37,229.3,8.9,0.01207,charging,normal
21,S37,228.6,9.4,0.01267,charging,normal
22,S37,228.9,9.4,0.01327,charging,normal
23,S37,229.5,9.4,0.01387,charging,normal
24,S37,228.6,9.0,0.01444,charging,normal
25,S37,229.2,8.7,0.01499,charging,normal
26,S37,228.6,9.1,0.01557,charging,normal
27,S37,228.6,9.5,0.01617,charging,normal
28,S37,230.0,9.1,0.01675,charging,normal
29,S37,228.6,9.2,0.01734,finished,normal
0,S38,232.3,10.4,0.00067,charging,fraud
1,S38,232.2,9.8,0.0013,charging,fraud
2,S38,230.9,9.8,0.00193,charging,fraud
3,S38,231.3,10.1,0.00258,charging,fraud
4,S38,231.7,10.5,0.00326,charging,fraud
5,S38,231.7,10.4,0.00393,charging,fraud
6,S38,231.5,9.9,0.00456,charging,fraud
7,S38,230.4,10.2,0.00522,charging,fraud
8,S38,230.9,9.8,0.00584,charging,fraud
9,S38,231.8,9.7,0.00647,charging,fraud
10,S38,157.6,10.1,0.00691,charging,fraud
11,S38,154.6,10.3,0.00735,charging,fraud
12,S38,179.2,9.9,0.00785,charging,fraud
13,S38,182.8,9.9,0.00835,charging,fraud
14,S38,189.5,9.6,0.00885,charging,fraud
15,S38,231.8,10.5,0.00953,charging,fraud
16,S38,231.8,9.7,0.01015,charging,fraud
17,S38,231.5,10.2,0.01081,charging,fraud
18,S38,231.4,10.1,0.01146,charging,fraud
19,S38,231.7,10.4,0.01213,charging,fraud
20,S38,232.1,10.0,0.01277,charging,fraud
21,S38,230.9,9.6,0.01339,charging,fraud
22,S38,230.8,10.1,0.01404,charging,fraud
23,S38,230.8,10.3,0.0147,charging,fraud
24,S38,230.8,10.5,0.01537,charging,fraud
25,S38,231.2,9.7,0.01599,charging,fraud
26,S38,231.8,10.3,0.01666,charging,fraud
27,S38,231.4,10.5,0.01733,charging,fraud
28,S38,230.4,9.9,0.01796,charging,fraud
29,S38,231.9,9.7,0.01859,finished,fraud
0,S39,231.0,10.4,0.00067,charging,normal
1,S39,232.1,10.8,0.00136,charging,normal
2,S39,232.2,10.0,0.00201,charging,normal
3,S39,231.5,10.5,0.00268,charging,normal
4,S39,231.3,10.8,0.00338,charging,normal
5,S39,230.9,10.5,0.00405,charging,normal
6,S39,231.0,10.2,0.00471,charging,normal
7,S39,231.0,10.4,0.00537,charging,normal
8,S39,230.8,10.2,0.00603,charging,normal
9,S39,231.3,10.1,0.00668,charging,normal
10,S39,232.1,10.9,0.00738,charging,normal
11,S39,232.1,10.4,0.00805,charging,normal
12,S39,232.2,10.4,0.00872,charging,normal
13,S39,231.7,10.3,0.00938,charging,normal
14,S39,230.9,10.5,0.01006,charging,normal
15,S39,232.0,10.6,0.01074,charging,normal
16,S39,232.4,10.2,0.0114,charging,normal
17,S39,231.7,10.4,0.01207,charging,normal
18,S39,230.9,10.9,0.01277,charging,normal
19,S39,230.7,10.1,0.01341,charging,normal
20,S39,231.2,10.1,0.01406,charging,normal
21,S39,231.8,10.2,0.01472,charging,normal
22,S39,232.3,10.4,0.01539,charging,normal
23,S39,232.3,10.4,0.01606,charging,normal
24,S39,232.5,10.6,0.01675,charging,normal
25,S39,231.8,10.7,0.01743,charging,normal
26,S39,230.7,10.5,0.01811,charging,normal
27,S39,231.5,10.3,0.01877,charging,normal
28,S39,231.4,10.9,0.01947,charging,normal
29,S39,230.7,10.0,0.02011,finished,normal
0,S40,230.3,10.9,0.0007,charging,normal
1,S40,230.9,10.1,0.00135,charging,normal
2,S40,231.6,10.8,0.00204,charging,normal
3,S40,231.5,10.6,0.00272,charging,normal
4,S40,230.1,10.6,0.0034,charging,normal
5,S40,231.1,10.9,0.0041,charging,normal
6,S40,230.1,10.2,0.00475,charging,normal
7,S40,231.2,10.3,0.00541,charging,normal
8,S40,231.4,10.6,0.00609,charging,normal
9,S40,231.1,10.3,0.00675,charging,normal
10,S40,230.3,10.1,0.0074,charging,normal
11,S40,230.1,11.0,0.0081,charging,normal
12,S40,231.7,10.4,0.00877,charging,normal
13,S40,230.4,11.0,0.00948,charging,normal
14,S40,230.9,10.3,0.01014,charging,normal
15,S40,230.6,11.0,0.01084,charging,normal
16,S40,231.9,10.2,0.0115,charging,normal
17,S40,231.1,10.4,0.01217,charging,normal
18,S40,231.0,10.4,0.01283,charging,normal
19,S40,232.0,10.9,0.01354,charging,normal
20,S40,230.5,10.5,0.01421,charging,normal
21,S40,231.0,10.5,0.01488,charging,normal
22,S40,231.3,10.3,0.01554,charging,normal
23,S40,230.0,10.1,0.01619,charging,normal
24,S40,230.0,10.8,0.01688,charging,normal
25,S40,230.2,10.1,0.01753,charging,normal
26,S40,231.0,10.8,0.01822,charging,normal
27,S40,230.4,10.4,0.01888,charging,normal
28,S40,231.1,11.0,0.01959,charging,normal
29,S40,231.2,10.9,0.02029,finished,normal
0,S41,232.7,10.9,0.0007,charging,normal
1,S41,231.4,10.8,0.0014,charging,normal
2,S41,232.4,11.1,0.00212,charging,normal
3,S41,232.4,10.6,0.0028,charging,normal
4,S41,231.9,11.0,0.00351,charging,normal
5,S41,232.4,10.7,0.0042,charging,normal
6,S41,232.2,11.0,0.00491,charging,normal
7,S41,232.3,10.6,0.00559,charging,normal
8,S41,231.5,11.1,0.00631,charging,normal
9,S41,232.8,10.9,0.00701,charging,normal
10,S41,231.2,11.0,0.00772,charging,normal
11,S41,232.5,10.7,0.00841,charging,normal
12,S41,231.4,11.2,0.00913,charging,normal
13,S41,231.9,11.0,0.00984,charging,normal
14,S41,231.4,10.8,0.01053,charging,normal
15,S41,231.8,11.1,0.01125,charging,normal
16,S41,232.6,10.6,0.01193,charging,normal
17,S41,231.0,11.2,0.01265,charging,normal
18,S41,231.4,11.0,0.01336,charging,normal
19,S41,232.3,10.9,0.01406,charging,normal
20,S41,231.0,10.6,0.01474,charging,normal
21,S41,232.3,10.5,0.01542,charging,normal
22,S41,231.4,10.7,0.01611,charging,normal
23,S41,231.3,10.5,0.01678,charging,normal
24,S41,232.7,11.2,0.0175,charging,normal
25,S41,232.4,10.2,0.01816,charging,normal
26,S41,232.6,10.7,0.01885,charging,normal
27,S41,231.5,10.5,0.01953,charging,normal
28,S41,232.2,10.6,0.02021,charging,normal
29,S41,231.8,10.7,0.0209,finished,normal
0,S42,233.3,9.7,0.00063,charging,normal
1,S42,233.7,9.6,0.00125,charging,normal
2,S42,233.6,10.5,0.00193,charging,normal
3,S42,232.8,10.5,0.00261,charging,normal
4,S42,233.1,10.3,0.00328,charging,normal
5,S42,233.8,10.2,0.00394,charging,normal
6,S42,233.2,10.5,0.00462,charging,normal
7,S42,233.3,10.1,0.00528,charging,normal
8,S42,233.0,9.9,0.00592,charging,normal
9,S42,233.3,10.2,0.00658,charging,normal
10,S42,233.6,10.4,0.00725,charging,normal
11,S42,232.3,9.9,0.00789,charging,normal
12,S42,233.8,10.2,0.00855,charging,normal
13,S42,232.4,9.8,0.00919,charging,normal
14,S42,232.6,10.4,0.00986,charging,normal
15,S42,233.0,10.6,0.01054,charging,normal
16,S42,232.5,10.4,0.01122,charging,normal
17,S42,232.7,10.3,0.01188,charging,normal
18,S42,233.1,10.0,0.01253,charging,normal
19,S42,233.7,10.2,0.01319,charging,normal
20,S42,233.8,10.3,0.01386,charging,normal
21,S42,233.2,10.4,0.01453,charging,normal
22,S42,233.4,10.6,0.01522,charging,normal
23,S42,233.4,9.7,0.01585,charging,normal
24,S42,233.5,10.0,0.0165,charging,normal
25,S42,233.3,10.3,0.01717,charging,normal
26,S42,232.7,10.4,0.01784,charging,normal
27,S42,233.1,10.1,0.01849,charging,normal
28,S42,232.6,10.2,0.01915,charging,normal
29,S42,233.6,10.5,0.01983,finished,normal
0,S43,227.4,9.4,0.00059,charging,normal
1,S43,227.6,9.6,0.0012,charging,normal
2,S43,229.1,9.0,0.00177,charging,normal
3,S43,227.6,9.1,0.00235,charging,normal
4,S43,228.7,9.4,0.00295,charging,normal
5,S43,227.8,9.5,0.00355,charging,normal
6,S43,228.6,9.6,0.00416,charging,normal
7,S43,229.0,9.0,0.00473,charging,normal
8,S43,228.7,9.3,0.00532,charging,normal
9,S43,227.9,8.8,0.00588,charging,normal
10,S43,228.7,9.7,0.00649,charging,normal
11,S43,228.5,9.1,0.00707,charging,normal
12,S43,228.2,9.0,0.00764,charging,normal
13,S43,227.4,9.3,0.00823,charging,normal
14,S43,229.2,9.7,0.00885,charging,normal
15,S43,227.9,9.0,0.00942,charging,normal
16,S43,229.2,9.2,0.01,charging,normal
17,S43,228.3,9.6,0.01061,charging,normal
18,S43,229.0,9.1,0.01119,charging,normal
19,S43,228.5,9.1,0.01177,charging,normal
20,S43,227.8,8.9,0.01233,charging,normal
21,S43,227.8,9.7,0.01294,charging,normal
22,S43,227.8,8.9,0.01351,charging,normal
23,S43,229.3,9.0,0.01408,charging,normal
24,S43,229.0,9.2,0.01467,charging,normal
25,S43,227.9,9.1,0.01524,charging,normal
26,S43,228.4,9.7,0.01586,charging,normal
27,S43,229.2,9.0,0.01643,charging,normal
28,S43,228.5,8.9,0.017,charging,normal
29,S43,229.0,8.8,0.01755,finished,normal
0,S44,230.0,10.2,0.00065,charging,normal
1,S44,229.4,9.6,0.00126,charging,normal
2,S44,229.9,9.8,0.00189,charging,normal
3,S44,231.0,10.4,0.00256,charging,normal
4,S44,230.0,10.0,0.0032,charging,normal
5,S44,230.4,9.4,0.0038,charging,normal
6,S44,229.4,10.1,0.00444,charging,normal
7,S44,229.7,10.3,0.0051,charging,normal
8,S44,229.4,9.5,0.0057,charging,normal
9,S44,229.5,9.6,0.00632,charging,normal
10,S44,230.9,10.1,0.00696,charging,normal
11,S44,230.3,10.1,0.00761,charging,normal
12,S44,229.5,10.2,0.00826,charging,normal
13,S44,231.1,9.6,0.00888,charging,normal
14,S44,229.8,9.8,0.0095,charging,normal
15,S44,230.9,10.4,0.01017,charging,normal
16,S44,230.8,10.1,0.01082,charging,normal
17,S44,230.8,9.7,0.01144,charging,normal
18,S44,229.4,9.7,0.01206,charging,normal
19,S44,230.5,9.9,0.01269,charging,normal
20,S44,230.8,9.7,0.01331,charging,normal
21,S44,229.3,9.9,0.01394,charging,normal
22,S44,230.6,10.2,0.0146,charging,normal
23,S44,230.3,10.1,0.01524,charging,normal
24,S44,230.1,9.9,0.01587,charging,normal
25,S44,230.7,10.1,0.01652,charging,normal
26,S44,231.0,9.9,0.01716,charging,normal
27,S44,229.2,10.0,0.01779,charging,normal
28,S44,230.1,9.4,0.01839,charging,normal
29,S44,230.1,10.4,0.01906,finished,normal
0,S45,232.7,9.9,0.00064,charging,fraud
1,S45,233.1,9.7,0.00127,charging,fraud
2,S45,231.4,9.9,0.0019,charging,fraud
3,S45,233.1,9.0,0.00249,charging,fraud
4,S45,231.5,8.9,0.00306,charging,fraud
5,S45,232.1,9.0,0.00364,charging,fraud
6,S45,231.9,9.2,0.00423,charging,fraud
7,S45,232.5,9.7,0.00486,charging,fraud
8,S45,232.3,9.6,0.00548,charging,fraud
9,S45,231.2,9.1,0.00606,charging,fraud
10,S45,232.1,79.9,0.01121,charging,fraud
11,S45,231.5,65.7,0.01544,charging,fraud
12,S45,231.6,66.9,0.01974,charging,fraud
13,S45,232.8,79.1,0.02486,charging,fraud
14,S45,231.2,77.0,0.0298,charging,fraud
15,S45,232.0,9.3,0.0304,charging,fraud
16,S45,231.9,9.0,0.03098,charging,fraud
17,S45,231.7,8.9,0.03155,charging,fraud
18,S45,232.0,9.0,0.03213,charging,fraud
19,S45,231.8,9.4,0.03274,charging,fraud
20,S45,231.7,9.8,0.03337,charging,fraud
21,S45,231.5,9.1,0.03396,charging,fraud
22,S45,231.7,9.1,0.03454,charging,fraud
23,S45,232.5,9.4,0.03515,charging,fraud
24,S45,231.5,9.7,0.03577,charging,fraud
25,S45,231.3,9.3,0.03637,charging,fraud
26,S45,231.3,9.4,0.03697,charging,fraud
27,S45,231.5,9.2,0.03757,charging,fraud
28,S45,231.3,9.1,0.03815,charging,fraud
29,S45,231.5,9.2,0.03874,finished,fraud
0,S46,230.7,9.1,0.00058,charging,normal
1,S46,231.0,9.8,0.00121,charging,normal
2,S46,230.2,9.3,0.00181,charging,normal
3,S46,231.5,9.4,0.00241,charging,normal
4,S46,230.2,9.0,0.00299,charging,normal
5,S46,231.6,9.9,0.00362,charging,normal
6,S46,231.6,9.6,0.00424,charging,normal
7,S46,230.3,9.5,0.00485,charging,normal
8,S46,231.8,9.2,0.00544,charging,normal
9,S46,230.0,9.9,0.00607,charging,normal
10,S46,231.6,9.8,0.0067,charging,normal
11,S46,230.2,9.8,0.00733,charging,normal
12,S46,230.2,9.2,0.00792,charging,normal
13,S46,230.7,10.0,0.00856,charging,normal
14,S46,230.4,9.3,0.00916,charging,normal
15,S46,231.7,9.8,0.00979,charging,normal
16,S46,230.3,9.0,0.01036,charging,normal
17,S46,230.6,9.6,0.01098,charging,normal
18,S46,230.7,9.3,0.01157,charging,normal
19,S46,231.7,9.3,0.01217,charging,normal
20,S46,230.8,9.2,0.01276,charging,normal
21,S46,230.1,10.0,0.0134,charging,normal
22,S46,231.7,9.7,0.01402,charging,normal
23,S46,231.2,9.8,0.01465,charging,normal
24,S46,230.5,9.1,0.01524,charging,normal
25,S46,231.7,9.6,0.01585,charging,normal
26,S46,231.0,9.3,0.01645,charging,normal
27,S46,230.4,9.5,0.01706,charging,normal
28,S46,230.8,9.5,0.01767,charging,normal
29,S46,230.7,9.7,0.01829,finished,normal
0,S47,229.8,10.2,0.00065,charging,normal
1,S47,230.2,10.9,0.00135,charging,normal
2,S47,229.3,10.7,0.00203,charging,normal
3,S47,230.0,10.2,0.00268,charging,normal
4,S47,229.4,10.4,0.00334,charging,normal
5,S47,230.1,10.3,0.004,charging,normal
6,S47,228.7,10.3,0.00466,charging,normal
7,S47,229.3,10.3,0.00531,charging,normal
8,S47,228.5,10.8,0.006,charging,normal
9,S47,229.1,11.2,0.00671,charging,normal
10,S47,229.4,10.9,0.00741,charging,normal
11,S47,228.6,10.6,0.00808,charging,normal
12,S47,228.6,10.7,0.00876,charging,normal
13,S47,229.9,10.2,0.00941,charging,normal
14,S47,228.6,10.5,0.01008,charging,normal
15,S47,228.8,11.1,0.01078,charging,normal
16,S47,228.6,10.3,0.01144,charging,normal
17,S47,229.2,10.7,0.01212,charging,normal
18,S47,228.7,11.0,0.01282,charging,normal
19,S47,229.5,10.6,0.01349,charging,normal
20,S47,230.4,10.8,0.01418,charging,normal
21,S47,229.8,11.0,0.01488,charging,normal
22,S47,230.4,10.4,0.01555,charging,normal
23,S47,229.9,10.6,0.01623,charging,normal
24,S47,229.0,10.7,0.01691,charging,normal
25,S47,229.5,10.9,0.0176,charging,normal
26,S47,229.0,10.4,0.01826,charging,normal
27,S47,229.7,10.3,0.01892,charging,normal
28,S47,229.7,11.0,0.01962,charging,normal
29,S47,229.5,10.2,0.02027,finished,normal
0,S48,231.7,11.3,0.00073,charging,normal
1,S48,231.4,10.4,0.0014,charging,normal
2,S48,232.9,10.6,0.00208,charging,normal
3,S48,231.3,10.5,0.00276,charging,normal
4,S48,232.9,11.1,0.00347,charging,normal
5,S48,231.6,11.2,0.00419,charging,normal
6,S48,232.9,11.3,0.00493,charging,normal
7,S48,232.2,10.5,0.0056,charging,normal
8,S48,233.1,10.8,0.0063,charging,normal
9,S48,233.2,10.5,0.00698,charging,normal
10,S48,231.6,11.1,0.0077,charging,normal
11,S48,231.8,10.6,0.00838,charging,normal
12,S48,231.6,10.9,0.00908,charging,normal
13,S48,231.5,10.9,0.00978,charging,normal
14,S48,231.5,11.1,0.0105,charging,normal
15,S48,231.5,10.8,0.01119,charging,normal
16,S48,232.0,10.6,0.01187,charging,normal
17,S48,232.0,11.2,0.01259,charging,normal
18,S48,232.3,10.7,0.01328,charging,normal
19,S48,231.9,11.1,0.014,charging,normal
20,S48,231.3,10.3,0.01466,charging,normal
21,S48,232.1,10.8,0.01536,charging,normal
22,S48,232.9,10.8,0.01606,charging,normal
23,S48,231.4,10.5,0.01673,charging,normal
24,S48,232.1,10.4,0.0174,charging,normal
25,S48,231.9,10.9,0.0181,charging,normal
26,S48,233.0,10.5,0.01878,charging,normal
27,S48,231.4,11.0,0.01949,charging,normal
28,S48,231.6,10.4,0.02016,charging,normal
29,S48,231.5,11.1,0.02087,finished,normal
0,S49,228.4,9.9,0.00063,charging,normal
1,S49,228.4,9.4,0.00122,charging,normal
2,S49,229.1,9.9,0.00185,charging,normal
3,S49,228.1,9.6,0.00246,charging,normal
4,S49,228.5,9.8,0.00308,charging,normal
5,S49,229.0,9.5,0.00369,charging,normal
6,S49,228.9,9.6,0.0043,charging,normal
7,S49,228.2,9.9,0.00493,charging,normal
8,S49,228.0,9.6,0.00554,charging,normal
9,S49,229.7,10.0,0.00617,charging,normal
10,S49,229.3,9.3,0.00677,charging,normal
11,S49,229.6,9.8,0.00739,charging,normal
12,S49,229.7,9.7,0.00801,charging,normal
13,S49,228.0,9.9,0.00864,charging,normal
14,S49,228.7,9.3,0.00923,charging,normal
15,S49,227.8,9.6,0.00983,charging,normal
16,S49,228.2,9.6,0.01044,charging,normal
17,S49,228.6,9.3,0.01103,charging,normal
18,S49,227.9,9.4,0.01163,charging,normal
19,S49,228.9,10.1,0.01227,charging,normal
20,S49,228.5,9.5,0.01287,charging,normal
21,S49,228.5,10.1,0.01352,charging,normal
22,S49,229.1,9.3,0.01411,charging,normal
23,S49,228.8,9.6,0.01472,charging,normal
24,S49,228.0,9.7,0.01533,charging,normal
25,S49,229.1,9.7,0.01595,charging,normal
26,S49,227.9,9.9,0.01658,charging,normal
27,S49,228.4,9.5,0.01718,charging,normal
28,S49,229.0,9.6,0.01779,charging,normal
29,S49,229.3,9.6,0.0184,finished,normal
0,S50,232.4,9.8,0.00063,charging,normal
1,S50,232.4,9.5,0.00125,charging,normal
2,S50,232.3,9.8,0.00188,charging,normal
3,S50,232.0,9.9,0.00252,charging,normal
4,S50,232.0,10.5,0.00319,charging,normal
5,S50,231.6,9.8,0.00382,charging,normal
6,S50,231.0,9.8,0.00445,charging,normal
7,S50,230.8,10.5,0.00513,charging,normal
8,S50,230.8,10.3,0.00579,charging,normal
9,S50,231.1,10.1,0.00643,charging,normal
10,S50,232.3,9.9,0.00707,charging,normal
11,S50,231.4,9.9,0.00771,charging,normal
12,S50,232.2,9.7,0.00833,charging,normal
13,S50,232.3,10.0,0.00898,charging,normal
14,S50,232.4,10.0,0.00963,charging,normal
15,S50,232.5,10.4,0.0103,charging,normal
16,S50,232.5,10.2,0.01096,charging,normal
17,S50,231.8,9.5,0.01157,charging,normal
18,S50,231.1,9.5,0.01218,charging,normal
19,S50,231.2,10.2,0.01283,charging,normal
20,S50,232.2,9.8,0.01346,charging,normal
21,S50,231.2,10.4,0.01413,charging,normal
22,S50,231.3,10.1,0.01478,charging,normal
23,S50,231.0,10.2,0.01544,charging,normal
24,S50,230.9,10.1,0.01608,charging,normal
25,S50,231.9,9.8,0.01672,charging,normal
26,S50,230.8,10.0,0.01736,charging,normal
27,S50,230.8,10.1,0.018,charging,normal
28,S50,230.8,9.9,0.01864,charging,normal
29,S50,231.2,10.1,0.01929,finished,normal
