time_index,session_id,voltage,current,energy_kwh,status,label,row_type,note
0,S1,230.7,10.8,0.00069,charging,normal,normal,
1,S1,231.3,10.7,0.00138,charging,normal,normal,
2,S1,231.6,10.6,0.00206,charging,normal,normal,
3,S1,230.5,11.3,0.00279,charging,normal,normal,
4,S1,231.4,11.0,0.00349,charging,normal,normal,
5,S1,230.3,11.0,0.0042,charging,normal,normal,
6,S1,230.6,11.0,0.0049,charging,normal,normal,
7,S1,231.7,10.5,0.00558,charging,normal,normal,
8,S1,231.2,11.1,0.00629,charging,normal,normal,
9,S1,231.1,11.4,0.00702,charging,normal,normal,
10,S1,231.4,10.9,0.00772,charging,normal,normal,
11,S1,232.0,11.2,0.00844,charging,normal,normal,
12,S1,230.2,10.8,0.00913,charging,normal,normal,
13,S1,231.8,11.0,0.00984,charging,normal,normal,
14,S1,231.1,11.3,0.01057,charging,normal,normal,
15,S1,230.5,10.9,0.01127,charging,normal,normal,
16,S1,231.2,11.2,0.01198,charging,normal,normal,
17,S1,230.8,11.2,0.0127,charging,normal,normal,
18,S1,231.4,11.1,0.01342,charging,normal,normal,
19,S1,231.7,11.3,0.01414,charging,normal,normal,
20,S1,230.6,11.3,0.01487,charging,normal,normal,
21,S1,231.3,10.7,0.01555,charging,normal,normal,
22,S1,230.5,11.4,0.01628,charging,normal,normal,
23,S1,231.9,10.9,0.01699,charging,normal,normal,
24,S1,231.2,10.5,0.01766,charging,normal,normal,
25,S1,231.9,11.4,0.0184,charging,normal,normal,
26,S1,231.1,11.0,0.0191,charging,normal,normal,
27,S1,230.5,11.4,0.01983,charging,normal,normal,
28,S1,230.3,11.0,0.02054,charging,normal,normal,
29,S1,231.0,11.3,0.02126,finished,normal,normal,
0,S2,232.0,10.5,0.00068,charging,normal,normal,
1,S2,230.6,10.4,0.00134,charging,normal,normal,
2,S2,230.7,10.4,0.00201,charging,normal,normal,
3,S2,232.2,10.2,0.00267,charging,normal,normal,
4,S2,232.0,10.9,0.00337,charging,normal,normal,
5,S2,231.8,10.9,0.00407,charging,normal,normal,
6,S2,231.2,10.5,0.00475,charging,normal,normal,
7,S2,230.6,10.6,0.00542,charging,normal,normal,
8,S2,231.1,10.6,0.00611,charging,normal,normal,
9,S2,230.5,10.5,0.00678,charging,normal,normal,
10,S2,231.7,10.3,0.00744,charging,normal,normal,
11,S2,230.9,10.8,0.00813,charging,normal,normal,
12,S2,231.4,10.8,0.00883,charging,normal,normal,
13,S2,232.1,10.9,0.00953,charging,normal,normal,
14,S2,231.0,10.9,0.01023,charging,normal,normal,
15,S2,231.5,10.5,0.0109,charging,normal,normal,
16,S2,231.0,10.8,0.0116,charging,normal,normal,
17,S2,232.0,10.1,0.01225,charging,normal,normal,
18,S2,231.3,10.5,0.01292,charging,normal,normal,
19,S2,231.2,10.3,0.01358,charging,normal,normal,
20,S2,231.9,10.8,0.01428,charging,normal,normal,
21,S2,231.5,10.9,0.01498,charging,normal,normal,
22,S2,230.6,10.6,0.01566,charging,normal,normal,
23,S2,231.8,10.4,0.01633,charging,normal,normal,
24,S2,231.2,10.8,0.01702,charging,normal,normal,
25,S2,231.7,11.0,0.01773,charging,normal,normal,
26,S2,231.1,10.6,0.01841,charging,normal,normal,
27,S2,231.8,10.6,0.01909,charging,normal,normal,
28,S2,231.5,10.7,0.01978,charging,normal,normal,
29,S2,230.9,11.1,0.02049,finished,normal,normal,
0,S3,228.9,9.5,0.0006,charging,normal,normal,
1,S3,229.6,9.1,0.00118,charging,normal,normal,
2,S3,229.4,9.2,0.00177,charging,normal,normal,
3,S3,227.8,9.7,0.00238,charging,normal,normal,
4,S3,229.3,9.1,0.00296,charging,normal,normal,
5,S3,228.5,9.7,0.00358,charging,normal,normal,
6,S3,229.6,9.0,0.00415,charging,normal,normal,
7,S3,228.4,9.3,0.00474,charging,normal,normal,
8,S3,228.7,9.2,0.00533,charging,normal,normal,
9,S3,228.9,9.0,0.0059,charging,normal,normal,
10,S3,228.7,9.9,0.00653,charging,normal,normal,
11,S3,228.0,9.9,0.00716,charging,normal,normal,
12,S3,229.5,9.8,0.00778,charging,normal,normal,
13,S3,229.5,9.9,0.00841,charging,normal,normal,
14,S3,229.5,9.2,0.009,charging,normal,normal,
15,S3,228.1,9.3,0.00959,charging,normal,normal,
16,S3,228.9,9.2,0.01017,charging,normal,normal,
17,S3,227.9,9.9,0.0108,charging,normal,normal,
18,S3,228.9,9.8,0.01142,charging,normal,normal,
19,S3,228.2,9.1,0.012,charging,normal,normal,
20,S3,228.6,9.0,0.01257,charging,normal,normal,
21,S3,229.6,9.9,0.0132,charging,normal,normal,
22,S3,228.8,9.0,0.01377,charging,normal,normal,
23,S3,228.3,9.8,0.0144,charging,normal,normal,
24,S3,228.1,9.7,0.01501,charging,normal,normal,
25,S3,228.7,9.3,0.0156,charging,normal,normal,
26,S3,229.2,9.8,0.01623,charging,normal,normal,
27,S3,228.8,9.7,0.01684,charging,normal,normal,
28,S3,228.3,9.7,0.01746,charging,normal,normal,
29,S3,228.8,9.1,0.01804,finished,normal,normal,
0,S4,229.1,10.1,0.00064,charging,normal,normal,
1,S4,229.8,10.2,0.00129,charging,normal,normal,
2,S4,230.1,10.0,0.00193,charging,normal,normal,
3,S4,230.8,9.8,0.00256,charging,normal,normal,
4,S4,229.6,9.7,0.00318,charging,normal,normal,
5,S4,229.8,9.9,0.00381,charging,normal,normal,
6,S4,230.0,9.5,0.00442,charging,normal,normal,
7,S4,230.5,9.4,0.00502,charging,normal,normal,
8,S4,229.4,9.6,0.00563,charging,normal,normal,
9,S4,230.3,9.4,0.00623,charging,normal,normal,
10,S4,230.9,9.2,0.00682,charging,normal,normal,
11,S4,230.8,9.5,0.00743,charging,normal,normal,
12,S4,229.8,9.3,0.00803,charging,normal,normal,
13,S4,230.3,9.7,0.00865,charging,normal,normal,
14,S4,229.3,9.8,0.00927,charging,normal,normal,
15,S4,230.6,9.6,0.00989,charging,normal,normal,
16,S4,230.8,9.9,0.01052,charging,normal,normal,
17,S4,229.2,10.0,0.01116,charging,normal,normal,
18,S4,230.5,9.4,0.01176,charging,normal,normal,
19,S4,230.9,9.9,0.01239,charging,normal,normal,
20,S4,229.8,9.3,0.01299,charging,normal,normal,
21,S4,229.0,9.8,0.01361,charging,normal,normal,
22,S4,229.1,9.6,0.01422,charging,normal,normal,
23,S4,230.3,10.0,0.01486,charging,normal,normal,
24,S4,230.4,9.7,0.01548,charging,normal,normal,
25,S4,230.7,9.9,0.01612,charging,normal,normal,
26,S4,230.8,10.0,0.01676,charging,normal,normal,
27,S4,230.3,9.7,0.01738,charging,normal,normal,
28,S4,230.8,10.0,0.01802,charging,normal,normal,
29,S4,229.1,9.3,0.01861,finished,normal,normal,
0,S5,231.0,9.0,0.00058,charging,normal,normal,
1,S5,231.9,9.3,0.00118,charging,normal,normal,
2,S5,231.6,9.8,0.00181,charging,normal,normal,
3,S5,231.0,9.8,0.00244,charging,normal,normal,
4,S5,230.3,9.9,0.00307,charging,normal,normal,
5,S5,230.2,9.2,0.00366,charging,normal,normal,
6,S5,231.8,9.9,0.00429,charging,normal,normal,
7,S5,231.9,9.1,0.00488,charging,normal,normal,
8,S5,231.8,9.5,0.00549,charging,normal,normal,
9,S5,231.8,9.3,0.00609,charging,normal,normal,
10,S5,230.2,9.5,0.0067,charging,normal,normal,
11,S5,231.2,9.9,0.00733,charging,normal,normal,
12,S5,230.7,9.1,0.00792,charging,normal,normal,
13,S5,230.9,9.4,0.00852,charging,normal,normal,
14,S5,231.4,9.7,0.00914,charging,normal,normal,
15,S5,231.7,9.2,0.00974,charging,normal,normal,
16,S5,230.6,9.9,0.01037,charging,normal,normal,
17,S5,230.5,9.1,0.01095,charging,normal,normal,
18,S5,230.3,9.3,0.01155,charging,normal,normal,
19,S5,230.0,9.3,0.01214,charging,normal,normal,
20,S5,230.9,9.3,0.01274,charging,normal,normal,
21,S5,230.8,9.9,0.01337,charging,normal,normal,
22,S5,231.4,9.5,0.01398,charging,normal,normal,
23,S5,230.0,9.8,0.01461,charging,normal,normal,
24,S5,230.5,9.4,0.01521,charging,normal,normal,
25,S5,231.2,9.8,0.01584,charging,normal,normal,
26,S5,231.2,9.8,0.01647,charging,normal,normal,
27,S5,231.7,9.1,0.01706,charging,normal,normal,
28,S5,231.9,9.1,0.01764,charging,normal,normal,
29,S5,231.5,9.3,0.01824,finished,normal,normal,
0,S6,228.0,10.2,0.00065,charging,normal,normal,
1,S6,228.9,10.8,0.00133,charging,normal,normal,
2,S6,227.5,10.8,0.00202,charging,normal,normal,
3,S6,228.1,10.1,0.00266,charging,normal,normal,
4,S6,228.7,10.1,0.0033,charging,normal,normal,
5,S6,228.5,10.6,0.00397,charging,normal,normal,
6,S6,228.8,10.6,0.00464,charging,normal,normal,
7,S6,229.1,10.2,0.00529,charging,normal,normal,
8,S6,228.1,10.6,0.00596,charging,normal,normal,
9,S6,229.2,10.8,0.00665,charging,normal,normal,
10,S6,228.4,9.9,0.00728,charging,normal,normal,
11,S6,227.4,10.0,0.00791,charging,normal,normal,
12,S6,228.6,10.1,0.00855,charging,normal,normal,
13,S6,228.4,10.5,0.00922,charging,normal,normal,
14,S6,227.4,9.9,0.00984,charging,normal,normal,
15,S6,228.0,10.4,0.0105,charging,normal,normal,
16,S6,228.6,10.5,0.01117,charging,normal,normal,
17,S6,228.9,10.4,0.01183,charging,normal,normal,
18,S6,227.8,10.6,0.0125,charging,normal,normal,
19,S6,227.7,10.1,0.01314,charging,normal,normal,
20,S6,227.7,10.3,0.01379,charging,normal,normal,
21,S6,228.2,9.9,0.01442,charging,normal,normal,
22,S6,228.5,10.5,0.01509,charging,normal,normal,
23,S6,227.8,10.6,0.01576,charging,normal,normal,
24,S6,229.1,10.4,0.01642,charging,normal,normal,
25,S6,227.6,10.1,0.01706,charging,normal,normal,
26,S6,227.8,10.4,0.01772,charging,normal,normal,
27,S6,227.9,10.0,0.01835,charging,normal,normal,
28,S6,228.2,9.9,0.01898,charging,normal,normal,
29,S6,228.0,9.9,0.0196,finished,normal,normal,
0,S7,227.2,9.7,0.00061,charging,fraud,normal,
1,S7,227.6,9.6,0.00122,charging,fraud,normal,
2,S7,227.2,9.5,0.00182,charging,fraud,normal,
3,S7,226.9,9.8,0.00244,charging,fraud,normal,
4,S7,227.2,9.4,0.00303,charging,fraud,normal,
5,S7,226.6,9.7,0.00364,charging,fraud,normal,
6,S7,227.9,9.9,0.00427,charging,fraud,normal,
7,S7,226.8,9.6,0.00487,charging,fraud,normal,
8,S7,227.4,9.8,0.00549,charging,fraud,normal,
9,S7,228.4,9.5,0.00609,charging,fraud,normal,
10,S7,272.2,10.2,0.00686,charging,fraud,fraud,Voltage Spike > 260V
11,S7,272.9,9.7,0.0076,charging,fraud,fraud,Voltage Spike > 260V
12,S7,266.9,9.8,0.00833,charging,fraud,fraud,Voltage Spike > 260V
13,S7,283.6,9.6,0.00908,charging,fraud,fraud,Voltage Spike > 260V
14,S7,288.6,10.2,0.0099,charging,fraud,fraud,Voltage Spike > 260V
15,S7,227.3,9.5,0.0105,charging,fraud,normal,
16,S7,227.6,9.3,0.01109,charging,fraud,normal,
17,S7,226.7,9.3,0.01167,charging,fraud,normal,
18,S7,227.1,9.3,0.01226,charging,fraud,normal,
19,S7,227.2,10.2,0.0129,charging,fraud,normal,
20,S7,227.7,9.5,0.01351,charging,fraud,normal,
21,S7,227.3,10.1,0.01414,charging,fraud,normal,
22,S7,227.3,9.9,0.01477,charging,fraud,normal,
23,S7,226.7,10.2,0.01541,charging,fraud,normal,
24,S7,227.4,9.6,0.01602,charging,fraud,normal,
25,S7,228.1,9.4,0.01661,charging,fraud,normal,
26,S7,227.2,9.9,0.01724,charging,fraud,normal,
27,S7,228.0,9.4,0.01783,charging,fraud,normal,
28,S7,227.6,10.1,0.01847,charging,fraud,normal,
29,S7,227.3,9.9,0.0191,finished,fraud,normal,
0,S8,227.4,9.8,0.00062,charging,normal,normal,
1,S8,226.9,9.8,0.00124,charging,normal,normal,
2,S8,228.1,9.6,0.00184,charging,normal,normal,
3,S8,227.6,9.4,0.00244,charging,normal,normal,
4,S8,227.3,9.5,0.00304,charging,normal,normal,
5,S8,226.9,9.8,0.00366,charging,normal,normal,
6,S8,228.2,9.1,0.00423,charging,normal,normal,
7,S8,227.7,9.4,0.00483,charging,normal,normal,
8,S8,227.5,9.8,0.00545,charging,normal,normal,
9,S8,226.6,9.5,0.00605,charging,normal,normal,
10,S8,226.8,9.9,0.00667,charging,normal,normal,
11,S8,227.8,9.6,0.00728,charging,normal,normal,
12,S8,228.1,9.2,0.00786,charging,normal,normal,
13,S8,228.2,9.5,0.00846,charging,normal,normal,
14,S8,227.9,9.9,0.00909,charging,normal,normal,
15,S8,226.5,9.8,0.00971,charging,normal,normal,
16,S8,226.7,9.1,0.01028,charging,normal,normal,
17,S8,226.7,9.5,0.01088,charging,normal,normal,
18,S8,228.1,9.5,0.01148,charging,normal,normal,
19,S8,227.5,9.6,0.01208,charging,normal,normal,
20,S8,227.7,9.5,0.01269,charging,normal,normal,
21,S8,227.3,9.8,0.0133,charging,normal,normal,
22,S8,226.6,10.0,0.01393,charging,normal,normal,
23,S8,228.2,9.5,0.01454,charging,normal,normal,
24,S8,227.1,10.0,0.01517,charging,normal,normal,
25,S8,227.7,10.0,0.0158,charging,normal,normal,
26,S8,227.7,9.5,0.0164,charging,normal,normal,
27,S8,226.7,9.5,0.017,charging,normal,normal,
28,S8,227.6,9.2,0.01758,charging,normal,normal,
29,S8,226.8,10.0,0.01821,finished,normal,normal,
0,S9,229.9,9.1,0.00058,charging,normal,normal,
1,S9,229.9,9.0,0.00116,charging,normal,normal,
2,S9,230.0,9.8,0.00178,charging,normal,normal,
3,S9,229.9,8.9,0.00235,charging,normal,normal,
4,S9,229.9,9.8,0.00298,charging,normal,normal,
5,S9,229.7,9.2,0.00356,charging,normal,normal,
6,S9,230.3,9.7,0.00418,charging,normal,normal,
7,S9,229.4,9.4,0.00478,charging,normal,normal,
8,S9,230.5,9.1,0.00537,charging,normal,normal,
9,S9,230.0,9.5,0.00597,charging,normal,normal,
10,S9,230.8,9.3,0.00657,charging,normal,normal,
11,S9,230.8,9.4,0.00717,charging,normal,normal,
12,S9,229.6,9.1,0.00775,charging,normal,normal,
13,S9,230.5,9.4,0.00835,charging,normal,normal,
14,S9,230.3,8.9,0.00892,charging,normal,normal,
15,S9,230.4,8.9,0.00949,charging,normal,normal,
16,S9,230.7,9.3,0.01009,charging,normal,normal,
17,S9,230.9,8.9,0.01066,charging,normal,normal,
18,S9,230.4,9.6,0.01127,charging,normal,normal,
19,S9,229.7,9.7,0.01189,charging,normal,normal,
20,S9,230.2,8.8,0.01246,charging,normal,normal,
21,S9,230.8,9.6,0.01307,charging,normal,normal,
22,S9,230.5,9.6,0.01369,charging,normal,normal,
23,S9,231.2,9.4,0.01429,charging,normal,normal,
24,S9,229.8,9.4,0.01489,charging,normal,normal,
25,S9,229.6,9.8,0.01551,charging,normal,normal,
26,S9,231.1,9.0,0.01609,charging,normal,normal,
27,S9,230.2,9.3,0.01669,charging,normal,normal,
28,S9,230.3,9.4,0.01729,charging,normal,normal,
29,S9,229.9,9.7,0.01791,finished,normal,normal,
0,S10,231.0,9.3,0.0006,charging,normal,normal,
1,S10,231.3,9.3,0.00119,charging,normal,normal,
2,S10,230.0,9.5,0.0018,charging,normal,normal,
3,S10,231.2,9.3,0.0024,charging,normal,normal,
4,S10,231.3,9.2,0.00299,charging,normal,normal,
5,S10,230.8,9.6,0.00361,charging,normal,normal,
6,S10,229.6,9.7,0.00422,charging,normal,normal,
7,S10,229.9,9.9,0.00486,charging,normal,normal,
8,S10,229.4,9.6,0.00547,charging,normal,normal,
9,S10,230.8,10.0,0.00611,charging,normal,normal,
10,S10,231.1,9.2,0.0067,charging,normal,normal,
11,S10,230.1,9.2,0.00729,charging,normal,normal,
12,S10,230.1,9.0,0.00786,charging,normal,normal,
13,S10,230.0,9.2,0.00845,charging,normal,normal,
14,S10,230.9,9.8,0.00908,charging,normal,normal,
15,S10,229.7,9.4,0.00968,charging,normal,normal,
16,S10,230.2,9.9,0.01031,charging,normal,normal,
17,S10,231.3,9.0,0.01089,charging,normal,normal,
18,S10,229.9,9.8,0.01152,charging,normal,normal,
19,S10,230.8,10.0,0.01216,charging,normal,normal,
20,S10,231.3,9.5,0.01277,charging,normal,normal,
21,S10,231.3,9.1,0.01335,charging,normal,normal,
22,S10,230.8,9.8,0.01398,charging,normal,normal,
23,S10,230.5,9.3,0.01458,charging,normal,normal,
24,S10,229.7,9.6,0.01519,charging,normal,normal,
25,S10,231.1,9.9,0.01582,charging,normal,normal,
26,S10,229.6,9.5,0.01643,charging,normal,normal,
27,S10,230.5,9.6,0.01704,charging,normal,normal,
28,S10,229.4,9.9,0.01768,charging,normal,normal,
29,S10,229.5,9.8,0.0183,finished,normal,normal,
0,S11,226.4,9.6,0.0006,charging,normal,normal,
1,S11,228.0,9.2,0.00119,charging,normal,normal,
2,S11,226.4,9.2,0.00176,charging,normal,normal,
3,S11,227.6,9.4,0.00236,charging,normal,normal,
4,S11,227.2,9.7,0.00297,charging,normal,normal,
5,S11,227.3,9.8,0.00359,charging,normal,normal,
6,S11,227.5,9.2,0.00417,charging,normal,normal,
7,S11,227.6,9.9,0.0048,charging,normal,normal,
8,S11,226.1,9.4,0.00539,charging,normal,normal,
9,S11,227.7,9.5,0.00599,charging,normal,normal,
10,S11,227.0,9.9,0.00661,charging,normal,normal,
11,S11,227.5,9.2,0.00719,charging,normal,normal,
12,S11,227.6,9.6,0.0078,charging,normal,normal,
13,S11,227.5,9.1,0.00838,charging,normal,normal,
14,S11,226.6,9.4,0.00897,charging,normal,normal,
15,S11,227.5,9.6,0.00957,charging,normal,normal,
16,S11,228.0,9.6,0.01018,charging,normal,normal,
17,S11,228.0,9.5,0.01078,charging,normal,normal,
18,S11,227.1,9.9,0.01141,charging,normal,normal,
19,S11,227.8,9.2,0.01199,charging,normal,normal,
20,S11,227.0,9.4,0.01258,charging,normal,normal,
21,S11,227.8,9.4,0.01318,charging,normal,normal,
22,S11,227.8,9.3,0.01377,charging,normal,normal,
23,S11,227.1,10.0,0.0144,charging,normal,normal,
24,S11,227.2,9.8,0.01502,charging,normal,normal,
25,S11,227.0,9.5,0.01562,charging,normal,normal,
26,S11,227.2,9.2,0.0162,charging,normal,normal,
27,S11,226.2,9.3,0.01678,charging,normal,normal,
28,S11,227.7,9.9,0.01741,charging,normal,normal,
29,S11,227.3,9.9,0.01803,finished,normal,normal,
0,S12,232.3,10.7,0.00069,charging,normal,normal,
1,S12,231.6,10.3,0.00135,charging,normal,normal,
2,S12,232.3,10.4,0.00202,charging,normal,normal,
3,S12,231.8,11.0,0.00273,charging,normal,normal,
4,S12,231.6,10.1,0.00338,charging,normal,normal,
5,S12,232.3,10.2,0.00404,charging,normal,normal,
6,S12,233.2,10.2,0.0047,charging,normal,normal,
7,S12,232.8,10.9,0.00541,charging,normal,normal,
8,S12,233.3,10.4,0.00608,charging,normal,normal,
9,S12,233.2,10.6,0.00677,charging,normal,normal,
10,S12,231.5,10.4,0.00744,charging,normal,normal,
11,S12,232.0,10.5,0.00811,charging,normal,normal,
12,S12,232.7,10.6,0.0088,charging,normal,normal,
13,S12,231.7,10.9,0.0095,charging,normal,normal,
14,S12,233.1,10.5,0.01018,charging,normal,normal,
15,S12,233.1,10.4,0.01085,charging,normal,normal,
16,S12,231.6,10.1,0.0115,charging,normal,normal,
17,S12,233.2,10.4,0.01218,charging,normal,normal,
18,S12,233.2,10.1,0.01283,charging,normal,normal,
19,S12,231.7,10.1,0.01348,charging,normal,normal,
20,S12,233.2,10.9,0.01419,charging,normal,normal,
21,S12,233.2,10.6,0.01487,charging,normal,normal,
22,S12,233.1,10.5,0.01555,charging,normal,normal,
23,S12,233.1,10.6,0.01624,charging,normal,normal,
24,S12,232.3,10.4,0.01691,charging,normal,normal,
25,S12,232.7,10.3,0.01758,charging,normal,normal,
26,S12,231.6,11.0,0.01828,charging,normal,normal,
27,S12,232.2,10.9,0.01899,charging,normal,normal,
28,S12,233.4,11.0,0.0197,charging,normal,normal,
29,S12,232.5,10.1,0.02035,finished,normal,normal,
0,S13,230.9,9.5,0.00061,charging,normal,normal,
1,S13,231.2,9.9,0.00125,charging,normal,normal,
2,S13,231.1,9.3,0.00184,charging,normal,normal,
3,S13,231.6,10.1,0.00249,charging,normal,normal,
4,S13,232.3,10.1,0.00314,charging,normal,normal,
5,S13,230.9,9.7,0.00377,charging,normal,normal,
6,S13,231.7,9.5,0.00438,charging,normal,normal,
7,S13,232.1,9.8,0.00501,charging,normal,normal,
8,S13,230.8,9.8,0.00564,charging,normal,normal,
9,S13,231.0,9.5,0.00625,charging,normal,normal,
10,S13,232.2,9.8,0.00688,charging,normal,normal,
11,S13,231.3,9.3,0.00748,charging,normal,normal,
12,S13,231.5,9.5,0.00809,charging,normal,normal,
13,S13,231.8,10.1,0.00874,charging,normal,normal,
14,S13,231.2,9.8,0.00937,charging,normal,normal,
15,S13,231.0,9.5,0.00998,charging,normal,normal,
16,S13,232.3,9.4,0.01058,charging,normal,normal,
17,S13,231.8,9.6,0.0112,charging,normal,normal,
18,S13,231.7,9.8,0.01183,charging,normal,normal,
19,S13,232.5,9.7,0.01246,charging,normal,normal,
20,S13,231.8,10.2,0.01312,charging,normal,normal,
21,S13,230.9,9.7,0.01374,charging,normal,normal,
22,S13,232.6,9.9,0.01438,charging,normal,normal,
23,S13,231.6,9.3,0.01498,charging,normal,normal,
24,S13,230.9,10.2,0.01563,charging,normal,normal,
25,S13,231.6,10.1,0.01628,charging,normal,normal,
26,S13,231.7,9.5,0.01689,charging,normal,normal,
27,S13,231.9,10.1,0.01754,charging,normal,normal,
28,S13,231.2,9.4,0.01815,charging,normal,normal,
29,S13,231.7,10.0,0.01879,finished,normal,normal,
0,S14,229.1,9.6,0.00061,charging,normal,normal,
1,S14,229.3,9.4,0.00121,charging,normal,normal,
2,S14,230.1,9.9,0.00184,charging,normal,normal,
3,S14,230.0,9.9,0.00247,charging,normal,normal,
4,S14,228.9,9.6,0.00309,charging,normal,normal,
5,S14,229.3,9.8,0.00371,charging,normal,normal,
6,S14,229.4,9.4,0.00431,charging,normal,normal,
7,S14,228.6,10.1,0.00495,charging,normal,normal,
8,S14,229.8,9.6,0.00556,charging,normal,normal,
9,S14,229.6,10.0,0.0062,charging,normal,normal,
10,S14,229.3,9.5,0.00681,charging,normal,normal,
11,S14,229.3,9.4,0.0074,charging,normal,normal,
12,S14,230.0,9.7,0.00802,charging,normal,normal,
13,S14,229.1,9.1,0.0086,charging,normal,normal,
14,S14,229.8,9.5,0.00921,charging,normal,normal,
15,S14,228.6,9.2,0.00979,charging,normal,normal,
16,S14,229.5,9.4,0.01039,charging,normal,normal,
17,S14,230.1,9.2,0.01098,charging,normal,normal,
18,S14,230.5,9.6,0.0116,charging,normal,normal,
19,S14,229.3,9.3,0.01219,charging,normal,normal,
20,S14,230.0,9.8,0.01281,charging,normal,normal,
21,S14,229.0,9.1,0.01339,charging,normal,normal,
22,S14,228.9,9.1,0.01397,charging,normal,normal,
23,S14,229.3,9.5,0.01458,charging,normal,normal,
24,S14,229.7,9.6,0.01519,charging,normal,normal,
25,S14,230.3,10.0,0.01583,charging,normal,normal,
26,S14,230.1,9.3,0.01642,charging,normal,normal,
27,S14,230.5,9.8,0.01705,charging,normal,normal,
28,S14,228.8,9.6,0.01766,charging,normal,normal,
29,S14,230.3,9.3,0.01826,finished,normal,normal,
0,S15,229.8,9.7,0.00062,charging,normal,normal,
1,S15,229.0,9.8,0.00124,charging,normal,normal,
2,S15,229.8,9.1,0.00182,charging,normal,normal,
3,S15,229.6,9.7,0.00244,charging,normal,normal,
4,S15,228.4,9.8,0.00306,charging,normal,normal,
5,S15,228.2,9.3,0.00365,charging,normal,normal,
6,S15,229.5,9.6,0.00427,charging,normal,normal,
7,S15,229.1,9.7,0.00488,charging,normal,normal,
8,S15,228.6,9.8,0.0055,charging,normal,normal,
9,S15,229.3,9.2,0.00609,charging,normal,normal,
10,S15,228.5,9.0,0.00666,charging,normal,normal,
11,S15,228.6,9.0,0.00723,charging,normal,normal,
12,S15,229.4,9.7,0.00785,charging,normal,normal,
13,S15,229.5,9.0,0.00843,charging,normal,normal,
14,S15,229.4,9.3,0.00902,charging,normal,normal,
15,S15,228.8,9.7,0.00963,charging,normal,normal,
16,S15,228.4,9.4,0.01023,charging,normal,normal,
17,S15,230.0,9.4,0.01083,charging,normal,normal,
18,S15,229.7,9.3,0.01142,charging,normal,normal,
19,S15,229.9,9.8,0.01205,charging,normal,normal,
20,S15,229.3,9.7,0.01267,charging,normal,normal,
21,S15,229.7,9.6,0.01328,charging,normal,normal,
22,S15,228.5,9.4,0.01388,charging,normal,normal,
23,S15,228.7,9.8,0.0145,charging,normal,normal,
24,S15,228.7,9.6,0.01511,charging,normal,normal,
25,S15,230.0,8.9,0.01568,charging,normal,normal,
26,S15,228.0,9.2,0.01626,charging,normal,normal,
27,S15,229.8,9.0,0.01684,charging,normal,normal,
28,S15,228.9,9.7,0.01745,charging,normal,normal,
29,S15,228.7,9.4,0.01805,finished,normal,normal,
0,S16,231.0,8.8,0.00056,charging,normal,normal,
1,S16,231.2,8.9,0.00114,charging,normal,normal,
2,S16,231.4,9.0,0.00171,charging,normal,normal,
3,S16,231.2,8.9,0.00229,charging,normal,normal,
4,S16,230.6,9.1,0.00287,charging,normal,normal,
5,S16,230.8,9.3,0.00347,charging,normal,normal,
6,S16,230.4,9.3,0.00406,charging,normal,normal,
7,S16,231.5,8.7,0.00462,charging,normal,normal,
8,S16,231.1,9.5,0.00523,charging,normal,normal,
9,S16,230.9,9.4,0.00583,charging,normal,normal,
10,S16,230.9,8.9,0.0064,charging,normal,normal,
11,S16,230.5,8.6,0.00695,charging,normal,normal,
12,S16,232.2,8.9,0.00753,charging,normal,normal,
13,S16,230.9,9.0,0.00811,charging,normal,normal,
14,S16,230.9,9.3,0.0087,charging,normal,normal,
15,S16,230.6,9.0,0.00928,charging,normal,normal,
16,S16,231.5,9.3,0.00988,charging,normal,normal,
17,S16,231.8,9.3,0.01048,charging,normal,normal,
18,S16,230.3,8.7,0.01103,charging,normal,normal,
19,S16,230.8,8.7,0.01159,charging,normal,normal,
20,S16,230.3,8.7,0.01215,charging,normal,normal,
21,S16,231.3,8.7,0.01271,charging,normal,normal,
22,S16,231.4,9.6,0.01332,charging,normal,normal,
23,S16,230.3,9.1,0.0139,charging,normal,normal,
24,S16,232.1,9.1,0.01449,charging,normal,normal,
25,S16,230.8,8.9,0.01506,charging,normal,normal,
26,S16,230.3,9.5,0.01567,charging,normal,normal,
27,S16,232.1,9.5,0.01628,charging,normal,normal,
28,S16,230.4,9.4,0.01688,charging,normal,normal,
29,S16,231.4,8.9,0.01746,finished,normal,normal,
0,S17,229.5,9.5,0.00061,charging,normal,normal,
1,S17,229.5,8.5,0.00115,charging,normal,normal,
2,S17,230.3,9.0,0.00172,charging,normal,normal,
3,S17,229.5,9.3,0.00232,charging,normal,normal,
4,S17,228.8,9.3,0.00291,charging,normal,normal,
5,S17,229.8,9.2,0.00349,charging,normal,normal,
6,S17,230.4,9.2,0.00408,charging,normal,normal,
7,S17,229.0,9.5,0.00469,charging,normal,normal,
8,S17,229.5,9.4,0.00529,charging,normal,normal,
9,S17,230.4,8.8,0.00585,charging,normal,normal,
10,S17,229.0,9.2,0.00644,charging,normal,normal,
11,S17,229.4,8.8,0.007,charging,normal,normal,
12,S17,230.5,8.8,0.00756,charging,normal,normal,
13,S17,230.1,8.8,0.00812,charging,normal,normal,
14,S17,230.6,8.8,0.00869,charging,normal,normal,
15,S17,230.6,9.0,0.00926,charging,normal,normal,
16,S17,228.8,9.4,0.00986,charging,normal,normal,
17,S17,229.5,9.2,0.01045,charging,normal,normal,
18,S17,229.3,8.8,0.01101,charging,normal,normal,
19,S17,230.0,8.9,0.01158,charging,normal,normal,
20,S17,229.7,9.0,0.01215,charging,normal,normal,
21,S17,229.5,8.9,0.01272,charging,normal,normal,
22,S17,230.1,8.8,0.01328,charging,normal,normal,
23,S17,230.0,9.2,0.01387,charging,normal,normal,
24,S17,229.5,9.3,0.01446,charging,normal,normal,
25,S17,228.9,8.7,0.01501,charging,normal,normal,
26,S17,230.5,9.0,0.01559,charging,normal,normal,
27,S17,229.7,9.5,0.0162,charging,normal,normal,
28,S17,229.9,9.0,0.01677,charging,normal,normal,
29,S17,229.9,9.4,0.01737,finished,normal,normal,
0,S18,227.7,10.2,0.00065,charging,normal,normal,
1,S18,228.5,9.9,0.00127,charging,normal,normal,
2,S18,227.5,10.7,0.00195,charging,normal,normal,
3,S18,227.7,10.2,0.00259,charging,normal,normal,
4,S18,227.7,10.6,0.00327,charging,normal,normal,
5,S18,228.7,10.4,0.00393,charging,normal,normal,
6,S18,228.2,10.1,0.00457,charging,normal,normal,
7,S18,228.4,10.2,0.00521,charging,normal,normal,
8,S18,227.9,10.8,0.0059,charging,normal,normal,
9,S18,227.4,10.8,0.00658,charging,normal,normal,
10,S18,228.3,9.9,0.00721,charging,normal,normal,
11,S18,229.2,10.5,0.00788,charging,normal,normal,
12,S18,229.0,10.6,0.00855,charging,normal,normal,
13,S18,227.5,10.0,0.00918,charging,normal,normal,
14,S18,228.7,10.7,0.00986,charging,normal,normal,
15,S18,228.3,10.5,0.01053,charging,normal,normal,
16,S18,228.5,10.1,0.01117,charging,normal,normal,
17,S18,228.4,10.7,0.01185,charging,normal,normal,
18,S18,228.3,10.8,0.01253,charging,normal,normal,
19,S18,229.2,10.4,0.01319,charging,normal,normal,
20,S18,228.2,10.8,0.01388,charging,normal,normal,
21,S18,228.1,10.6,0.01455,charging,normal,normal,
22,S18,228.9,10.4,0.01521,charging,normal,normal,
23,S18,227.7,10.4,0.01587,charging,normal,normal,
24,S18,227.4,10.6,0.01654,charging,normal,normal,
25,S18,227.8,10.4,0.0172,charging,normal,normal,
26,S18,228.9,10.0,0.01783,charging,normal,normal,
27,S18,229.1,10.8,0.01852,charging,normal,normal,
28,S18,227.8,10.4,0.01918,charging,normal,normal,
29,S18,227.4,10.5,0.01984,finished,normal,normal,
0,S19,227.5,10.2,0.00064,charging,normal,normal,
1,S19,227.7,10.1,0.00128,charging,normal,normal,
2,S19,227.7,10.0,0.00192,charging,normal,normal,
3,S19,229.1,10.6,0.00259,charging,normal,normal,
4,S19,227.9,10.4,0.00325,charging,normal,normal,
5,S19,228.7,10.0,0.00388,charging,normal,normal,
6,S19,229.0,10.1,0.00453,charging,normal,normal,
7,S19,228.9,10.0,0.00516,charging,normal,normal,
8,S19,228.2,10.2,0.00581,charging,normal,normal,
9,S19,228.3,10.3,0.00646,charging,normal,normal,
10,S19,229.0,9.9,0.00709,charging,normal,normal,
11,S19,228.6,10.5,0.00776,charging,normal,normal,
12,S19,228.2,10.0,0.00839,charging,normal,normal,
13,S19,228.6,10.6,0.00907,charging,normal,normal,
14,S19,228.4,9.8,0.00969,charging,normal,normal,
15,S19,228.7,10.2,0.01034,charging,normal,normal,
16,S19,229.2,10.4,0.011,charging,normal,normal,
17,S19,227.4,10.8,0.01168,charging,normal,normal,
18,S19,229.0,10.0,0.01232,charging,normal,normal,
19,S19,227.9,10.0,0.01295,charging,normal,normal,
20,S19,228.6,10.3,0.0136,charging,normal,normal,
21,S19,228.2,10.3,0.01426,charging,normal,normal,
22,S19,227.7,10.7,0.01493,charging,normal,normal,
23,S19,227.7,10.6,0.0156,charging,normal,normal,
24,S19,228.7,10.0,0.01624,charging,normal,normal,
25,S19,227.5,10.6,0.01691,charging,normal,normal,
26,S19,228.2,10.0,0.01754,charging,normal,normal,
27,S19,228.8,10.2,0.01819,charging,normal,normal,
28,S19,227.5,10.8,0.01887,charging,normal,normal,
29,S19,227.6,10.4,0.01953,finished,normal,normal,
0,S20,229.7,10.1,0.00064,charging,normal,normal,
1,S20,228.2,9.6,0.00125,charging,normal,normal,
2,S20,228.8,9.5,0.00186,charging,normal,normal,
3,S20,229.9,9.4,0.00246,charging,normal,normal,
4,S20,228.3,9.4,0.00305,charging,normal,normal,
5,S20,229.4,9.3,0.00365,charging,normal,normal,
6,S20,229.2,9.5,0.00425,charging,normal,normal,
7,S20,228.6,9.2,0.00483,charging,normal,normal,
8,S20,228.8,9.2,0.00542,charging,normal,normal,
9,S20,228.8,9.8,0.00604,charging,normal,normal,
10,S20,228.4,9.7,0.00666,charging,normal,normal,
11,S20,228.1,9.4,0.00725,charging,normal,normal,
12,S20,229.4,9.9,0.00788,charging,normal,normal,
13,S20,228.6,9.6,0.00849,charging,normal,normal,
14,S20,230.0,9.7,0.00911,charging,normal,normal,
15,S20,228.5,9.9,0.00974,charging,normal,normal,
16,S20,228.5,9.4,0.01034,charging,normal,normal,
17,S20,228.0,10.0,0.01097,charging,normal,normal,
18,S20,228.7,9.4,0.01157,charging,normal,normal,
19,S20,228.0,9.6,0.01218,charging,normal,normal,
20,S20,229.9,9.3,0.01277,charging,normal,normal,
21,S20,228.6,9.7,0.01339,charging,normal,normal,
22,S20,228.3,9.5,0.01399,charging,normal,normal,
23,S20,228.2,9.2,0.01457,charging,normal,normal,
24,S20,229.0,10.1,0.01522,charging,normal,normal,
25,S20,229.6,9.8,0.01584,charging,normal,normal,
26,S20,229.0,9.7,0.01646,charging,normal,normal,
27,S20,229.0,9.2,0.01704,charging,normal,normal,
28,S20,228.5,9.6,0.01765,charging,normal,normal,
29,S20,228.7,9.6,0.01826,finished,normal,normal,
0,S21,228.4,10.6,0.00067,charging,normal,normal,
1,S21,229.3,11.1,0.00138,charging,normal,normal,
2,S21,228.6,11.1,0.00208,charging,normal,normal,
3,S21,228.8,10.8,0.00277,charging,normal,normal,
4,S21,228.7,10.9,0.00346,charging,normal,normal,
5,S21,228.6,10.8,0.00415,charging,normal,normal,
6,S21,227.7,11.3,0.00486,charging,normal,normal,
7,S21,229.0,11.4,0.00559,charging,normal,normal,
8,S21,229.2,11.3,0.00631,charging,normal,normal,
9,S21,228.4,10.7,0.00699,charging,normal,normal,
10,S21,227.9,11.4,0.00771,charging,normal,normal,
11,S21,229.1,10.8,0.0084,charging,normal,normal,
12,S21,227.4,10.6,0.00907,charging,normal,normal,
13,S21,228.5,11.1,0.00977,charging,normal,normal,
14,S21,228.2,11.4,0.01049,charging,normal,normal,
15,S21,228.5,10.8,0.01118,charging,normal,normal,
16,S21,229.2,10.6,0.01185,charging,normal,normal,
17,S21,227.8,10.6,0.01252,charging,normal,normal,
18,S21,228.6,11.1,0.01323,charging,normal,normal,
19,S21,228.4,10.6,0.0139,charging,normal,normal,
20,S21,228.0,11.4,0.01462,charging,normal,normal,
21,S21,229.2,11.4,0.01535,charging,normal,normal,
22,S21,228.6,10.8,0.01604,charging,normal,normal,
23,S21,228.8,10.6,0.01671,charging,normal,normal,
24,S21,228.1,11.3,0.01742,charging,normal,normal,
25,S21,228.1,11.4,0.01815,charging,normal,normal,
26,S21,228.9,10.5,0.01881,charging,normal,normal,
27,S21,228.1,10.9,0.01951,charging,normal,normal,
28,S21,227.9,11.2,0.02021,charging,normal,normal,
29,S21,229.1,10.5,0.02088,finished,normal,normal,
0,S22,228.1,10.4,0.00066,charging,normal,normal,
1,S22,229.4,10.5,0.00133,charging,normal,normal,
2,S22,228.8,10.2,0.00198,charging,normal,normal,
3,S22,227.8,9.6,0.00258,charging,normal,normal,
4,S22,228.7,10.1,0.00323,charging,normal,normal,
5,S22,228.2,9.9,0.00385,charging,normal,normal,
6,S22,229.2,10.1,0.0045,charging,normal,normal,
7,S22,228.7,10.5,0.00516,charging,normal,normal,
8,S22,228.7,9.6,0.00577,charging,normal,normal,
9,S22,228.5,10.3,0.00643,charging,normal,normal,
10,S22,227.8,10.0,0.00706,charging,normal,normal,
11,S22,229.0,10.5,0.00773,charging,normal,normal,
12,S22,227.6,9.8,0.00835,charging,normal,normal,
13,S22,229.0,10.2,0.009,charging,normal,normal,
14,S22,229.2,9.9,0.00963,charging,normal,normal,
15,S22,227.6,9.6,0.01023,charging,normal,normal,
16,S22,229.6,10.0,0.01087,charging,normal,normal,
17,S22,227.8,10.0,0.0115,charging,normal,normal,
18,S22,227.7,9.7,0.01212,charging,normal,normal,
19,S22,229.2,9.9,0.01275,charging,normal,normal,
20,S22,227.7,9.5,0.01335,charging,normal,normal,
21,S22,229.1,10.2,0.014,charging,normal,normal,
22,S22,228.8,9.5,0.0146,charging,normal,normal,
23,S22,228.4,10.3,0.01525,charging,normal,normal,
24,S22,229.1,10.2,0.0159,charging,normal,normal,
25,S22,227.8,9.6,0.01651,charging,normal,normal,
26,S22,228.7,9.7,0.01713,charging,normal,normal,
27,S22,229.5,10.3,0.01778,charging,normal,normal,
28,S22,228.9,10.5,0.01845,charging,normal,normal,
29,S22,228.6,9.9,0.01908,finished,normal,normal,
0,S23,231.7,10.2,0.00066,charging,normal,normal,
1,S23,232.0,9.8,0.00129,charging,normal,normal,
2,S23,231.9,9.8,0.00192,charging,normal,normal,
3,S23,232.3,9.5,0.00253,charging,normal,normal,
4,S23,231.2,10.3,0.00319,charging,normal,normal,
5,S23,232.0,9.5,0.00381,charging,normal,normal,
6,S23,231.1,9.5,0.00442,charging,normal,normal,
7,S23,233.0,10.4,0.00509,charging,normal,normal,
8,S23,232.4,10.1,0.00574,charging,normal,normal,
9,S23,231.7,10.2,0.0064,charging,normal,normal,
10,S23,231.2,10.2,0.00705,charging,normal,normal,
11,S23,231.8,9.8,0.00768,charging,normal,normal,
12,S23,231.3,9.8,0.00831,charging,normal,normal,
13,S23,232.1,9.8,0.00895,charging,normal,normal,
14,S23,231.4,10.1,0.00959,charging,normal,normal,
15,S23,232.9,10.4,0.01027,charging,normal,normal,
16,S23,231.4,9.4,0.01087,charging,normal,normal,
17,S23,232.4,9.8,0.0115,charging,normal,normal,
18,S23,232.2,9.6,0.01212,charging,normal,normal,
19,S23,232.2,9.7,0.01275,charging,normal,normal,
20,S23,232.0,9.7,0.01337,charging,normal,normal,
21,S23,232.2,10.0,0.01402,charging,normal,normal,
22,S23,232.4,9.7,0.01465,charging,normal,normal,
23,S23,231.1,10.1,0.01529,charging,normal,normal,
24,S23,232.7,9.9,0.01593,charging,normal,normal,
25,S23,232.5,10.2,0.01659,charging,normal,normal,
26,S23,232.7,9.5,0.01721,charging,normal,normal,
27,S23,232.2,10.0,0.01785,charging,normal,normal,
28,S23,231.3,9.6,0.01847,charging,normal,normal,
29,S23,232.0,10.1,0.01912,finished,normal,normal,
0,S24,231.0,9.9,0.00064,charging,normal,normal,
1,S24,230.3,9.9,0.00127,charging,normal,normal,
2,S24,230.6,9.6,0.00188,charging,normal,normal,
3,S24,230.0,9.8,0.00251,charging,normal,normal,
4,S24,230.0,10.4,0.00317,charging,normal,normal,
5,S24,229.9,10.5,0.00384,charging,normal,normal,
6,S24,230.2,10.3,0.0045,charging,normal,normal,
7,S24,230.6,10.4,0.00517,charging,normal,normal,
8,S24,230.1,10.1,0.00581,charging,normal,normal,
9,S24,229.9,9.9,0.00645,charging,normal,normal,
10,S24,230.8,9.8,0.00708,charging,normal,normal,
11,S24,229.8,9.8,0.0077,charging,normal,normal,
12,S24,231.0,10.2,0.00836,charging,normal,normal,
13,S24,230.2,10.4,0.00902,charging,normal,normal,
14,S24,229.6,10.3,0.00968,charging,normal,normal,
15,S24,230.2,10.1,0.01032,charging,normal,normal,
16,S24,229.3,10.2,0.01097,charging,normal,normal,
17,S24,229.5,9.6,0.01159,charging,normal,normal,
18,S24,230.7,10.0,0.01223,charging,normal,normal,
19,S24,230.9,10.1,0.01287,charging,normal,normal,
20,S24,229.4,10.3,0.01353,charging,normal,normal,
21,S24,229.8,9.8,0.01416,charging,normal,normal,
22,S24,230.0,10.2,0.01481,charging,normal,normal,
23,S24,229.9,10.4,0.01547,charging,normal,normal,
24,S24,230.6,9.9,0.01611,charging,normal,normal,
25,S24,229.6,10.3,0.01676,charging,normal,normal,
26,S24,230.9,9.8,0.01739,charging,normal,normal,
27,S24,231.3,9.6,0.01801,charging,normal,normal,
28,S24,230.9,10.0,0.01865,charging,normal,normal,
29,S24,230.7,10.1,0.0193,finished,normal,normal,
0,S25,231.2,8.8,0.00057,charging,normal,normal,
1,S25,230.8,8.7,0.00112,charging,normal,normal,
2,S25,229.9,9.3,0.00172,charging,normal,normal,
3,S25,229.8,8.7,0.00227,charging,normal,normal,
4,S25,230.1,9.3,0.00287,charging,normal,normal,
5,S25,231.1,9.2,0.00346,charging,normal,normal,
6,S25,229.8,8.8,0.00402,charging,normal,normal,
7,S25,229.9,8.7,0.00457,charging,normal,normal,
8,S25,230.9,9.5,0.00518,charging,normal,normal,
9,S25,229.9,9.0,0.00576,charging,normal,normal,
10,S25,230.9,9.1,0.00634,charging,normal,normal,
11,S25,230.9,9.6,0.00696,charging,normal,normal,
12,S25,230.6,9.5,0.00757,charging,normal,normal,
13,S25,229.7,8.6,0.00812,charging,normal,normal,
14,S25,231.1,8.9,0.00869,charging,normal,normal,
15,S25,231.3,9.0,0.00926,charging,normal,normal,
16,S25,230.3,9.4,0.00987,charging,normal,normal,
17,S25,231.2,9.4,0.01047,charging,normal,normal,
18,S25,229.7,9.2,0.01106,charging,normal,normal,
19,S25,231.6,8.7,0.01162,charging,normal,normal,
20,S25,230.8,9.5,0.01223,charging,normal,normal,
21,S25,229.7,8.8,0.01279,charging,normal,normal,
22,S25,230.6,8.6,0.01334,charging,normal,normal,
23,S25,230.3,9.6,0.01395,charging,normal,normal,
24,S25,230.5,9.1,0.01453,charging,normal,normal,
25,S25,229.9,8.9,0.0151,charging,normal,normal,
26,S25,230.2,8.9,0.01567,charging,normal,normal,
27,S25,229.7,8.6,0.01622,charging,normal,normal,
28,S25,230.9,9.0,0.0168,charging,normal,normal,
29,S25,230.1,9.6,0.01741,finished,normal,normal,
0,S26,228.9,9.5,0.0006,charging,normal,normal,
1,S26,228.6,9.5,0.00121,charging,normal,normal,
2,S26,229.8,10.0,0.00185,charging,normal,normal,
3,S26,230.1,10.0,0.00248,charging,normal,normal,
4,S26,229.7,9.5,0.00309,charging,normal,normal,
5,S26,229.6,9.3,0.00368,charging,normal,normal,
6,S26,229.9,9.7,0.0043,charging,normal,normal,
7,S26,228.8,9.7,0.00492,charging,normal,normal,
8,S26,228.8,9.7,0.00554,charging,normal,normal,
9,S26,228.8,9.2,0.00612,charging,normal,normal,
10,S26,228.7,9.4,0.00672,charging,normal,normal,
11,S26,228.8,9.7,0.00733,charging,normal,normal,
12,S26,229.3,9.7,0.00795,charging,normal,normal,
13,S26,229.7,9.6,0.00857,charging,normal,normal,
14,S26,229.6,9.3,0.00916,charging,normal,normal,
15,S26,230.0,9.6,0.00977,charging,normal,normal,
16,S26,229.6,10.1,0.01042,charging,normal,normal,
17,S26,229.8,9.9,0.01105,charging,normal,normal,
18,S26,229.6,9.6,0.01166,charging,normal,normal,
19,S26,229.6,9.9,0.01229,charging,normal,normal,
20,S26,229.6,9.7,0.01291,charging,normal,normal,
21,S26,230.0,9.6,0.01352,charging,normal,normal,
22,S26,228.3,9.3,0.01411,charging,normal,normal,
23,S26,228.5,10.1,0.01475,charging,normal,normal,
24,S26,228.2,9.6,0.01536,charging,normal,normal,
25,S26,229.4,9.9,0.01599,charging,normal,normal,
26,S26,229.5,9.4,0.01659,charging,normal,normal,
27,S26,229.4,9.6,0.0172,charging,normal,normal,
28,S26,228.3,9.4,0.0178,charging,normal,normal,
29,S26,228.8,10.1,0.01844,finished,normal,normal,
0,S27,231.9,9.3,0.0006,charging,normal,normal,
1,S27,232.1,9.0,0.00118,charging,normal,normal,
2,S27,231.3,9.3,0.00178,charging,normal,normal,
3,S27,230.7,9.5,0.00239,charging,normal,normal,
4,S27,232.0,9.5,0.003,charging,normal,normal,
5,S27,232.0,8.9,0.00357,charging,normal,normal,
6,S27,231.2,9.2,0.00416,charging,normal,normal,
7,S27,231.1,8.9,0.00473,charging,normal,normal,
8,S27,231.5,9.1,0.00532,charging,normal,normal,
9,S27,231.3,9.0,0.0059,charging,normal,normal,
10,S27,231.2,9.8,0.00653,charging,normal,normal,
11,S27,231.8,9.4,0.00713,charging,normal,normal,
12,S27,230.8,9.3,0.00773,charging,normal,normal,
13,S27,231.1,9.7,0.00835,charging,normal,normal,
14,S27,230.7,9.7,0.00897,charging,normal,normal,
15,S27,231.0,9.1,0.00956,charging,normal,normal,
16,S27,232.3,8.9,0.01013,charging,normal,normal,
17,S27,231.9,8.9,0.0107,charging,normal,normal,
18,S27,230.9,9.6,0.01132,charging,normal,normal,
19,S27,231.0,9.6,0.01194,charging,normal,normal,
20,S27,230.7,9.8,0.01256,charging,normal,normal,
21,S27,231.4,9.2,0.01315,charging,normal,normal,
22,S27,232.2,9.6,0.01377,charging,normal,normal,
23,S27,230.6,9.1,0.01436,charging,normal,normal,
24,S27,230.6,9.5,0.01497,charging,normal,normal,
25,S27,231.0,9.6,0.01558,charging,normal,normal,
26,S27,232.0,8.9,0.01616,charging,normal,normal,
27,S27,231.3,9.8,0.01678,charging,normal,normal,
28,S27,230.4,9.7,0.01741,charging,normal,normal,
29,S27,231.7,9.3,0.018,finished,normal,normal,
0,S28,229.8,10.2,0.00065,charging,normal,normal,
1,S28,231.3,10.0,0.00129,charging,normal,normal,
2,S28,231.3,10.5,0.00197,charging,normal,normal,
3,S28,231.4,10.1,0.00262,charging,normal,normal,
4,S28,231.1,10.9,0.00332,charging,normal,normal,
5,S28,231.2,10.0,0.00396,charging,normal,normal,
6,S28,229.9,10.1,0.0046,charging,normal,normal,
7,S28,230.4,10.4,0.00527,charging,normal,normal,
8,S28,230.2,10.8,0.00596,charging,normal,normal,
9,S28,231.4,10.3,0.00662,charging,normal,normal,
10,S28,231.2,10.3,0.00728,charging,normal,normal,
11,S28,229.9,10.1,0.00793,charging,normal,normal,
12,S28,231.8,10.6,0.00861,charging,normal,normal,
13,S28,230.8,10.0,0.00925,charging,normal,normal,
14,S28,230.1,10.1,0.0099,charging,normal,normal,
15,S28,230.2,10.9,0.0106,charging,normal,normal,
16,S28,231.8,10.2,0.01125,charging,normal,normal,
17,S28,231.1,10.1,0.0119,charging,normal,normal,
18,S28,229.9,10.4,0.01256,charging,normal,normal,
19,S28,230.3,10.7,0.01325,charging,normal,normal,
20,S28,230.5,10.3,0.01391,charging,normal,normal,
21,S28,230.9,10.7,0.01459,charging,normal,normal,
22,S28,231.1,10.1,0.01524,charging,normal,normal,
23,S28,231.5,10.6,0.01592,charging,normal,normal,
24,S28,230.3,10.3,0.01658,charging,normal,normal,
25,S28,230.9,10.7,0.01727,charging,normal,normal,
26,S28,231.4,10.2,0.01793,charging,normal,normal,
27,S28,231.2,10.1,0.01857,charging,normal,normal,
28,S28,231.0,10.1,0.01922,charging,normal,normal,
29,S28,231.6,10.8,0.01992,finished,normal,normal,
0,S29,233.0,11.0,0.00071,charging,normal,normal,
1,S29,232.2,10.4,0.00138,charging,normal,normal,
2,S29,231.9,10.3,0.00205,charging,normal,normal,
3,S29,232.1,10.7,0.00274,charging,normal,normal,
4,S29,232.3,10.5,0.00341,charging,normal,normal,
5,S29,231.8,10.5,0.00409,charging,normal,normal,
6,S29,233.1,11.0,0.0048,charging,normal,normal,
7,S29,231.9,11.1,0.00552,charging,normal,normal,
8,S29,232.3,10.4,0.00619,charging,normal,normal,
9,S29,232.5,10.9,0.00689,charging,normal,normal,
10,S29,231.4,10.3,0.00755,charging,normal,normal,
11,S29,233.1,11.0,0.00827,charging,normal,normal,
12,S29,232.6,10.7,0.00896,charging,normal,normal,
13,S29,233.0,10.9,0.00966,charging,normal,normal,
14,S29,231.6,11.2,0.01038,charging,normal,normal,
15,S29,232.6,11.0,0.01109,charging,normal,normal,
16,S29,231.9,10.6,0.01178,charging,normal,normal,
17,S29,231.8,10.6,0.01246,charging,normal,normal,
18,S29,233.2,10.3,0.01313,charging,normal,normal,
19,S29,233.1,11.0,0.01384,charging,normal,normal,
20,S29,233.2,11.0,0.01455,charging,normal,normal,
21,S29,233.3,10.6,0.01524,charging,normal,normal,
22,S29,232.7,10.9,0.01594,charging,normal,normal,
23,S29,231.7,10.8,0.01664,charging,normal,normal,
24,S29,233.2,10.3,0.01731,charging,normal,normal,
25,S29,233.0,10.5,0.01799,charging,normal,normal,
26,S29,232.4,10.8,0.01868,charging,normal,normal,
27,S29,232.8,10.3,0.01935,charging,normal,normal,
28,S29,232.6,10.6,0.02003,charging,normal,normal,
29,S29,232.6,11.2,0.02076,finished,normal,normal,
0,S30,227.5,10.0,0.00063,charging,normal,normal,
1,S30,226.4,9.9,0.00125,charging,normal,normal,
2,S30,226.5,10.1,0.00189,charging,normal,normal,
3,S30,226.5,10.3,0.00254,charging,normal,normal,
4,S30,227.9,10.3,0.00319,charging,normal,normal,
5,S30,226.4,9.7,0.0038,charging,normal,normal,
6,S30,227.6,10.2,0.00444,charging,normal,normal,
7,S30,227.5,10.1,0.00508,charging,normal,normal,
8,S30,227.0,10.3,0.00573,charging,normal,normal,
9,S30,227.1,10.1,0.00637,charging,normal,normal,
10,S30,226.5,9.9,0.00699,charging,normal,normal,
11,S30,227.1,10.2,0.00764,charging,normal,normal,
12,S30,227.1,10.2,0.00828,charging,normal,normal,
13,S30,226.9,10.3,0.00893,charging,normal,normal,
14,S30,226.7,10.3,0.00958,charging,normal,normal,
15,S30,226.2,10.4,0.01023,charging,normal,normal,
16,S30,227.3,10.2,0.01087,charging,normal,normal,
17,S30,227.0,10.2,0.01152,charging,normal,normal,
18,S30,226.8,10.3,0.01217,charging,normal,normal,
19,S30,227.2,9.7,0.01278,charging,normal,normal,
20,S30,227.4,10.2,0.01342,charging,normal,normal,
21,S30,226.2,9.8,0.01404,charging,normal,normal,
22,S30,227.5,10.2,0.01468,charging,normal,normal,
23,S30,227.0,10.0,0.01531,charging,normal,normal,
24,S30,227.6,10.1,0.01595,charging,normal,normal,
25,S30,226.7,10.0,0.01658,charging,normal,normal,
26,S30,227.4,9.7,0.0172,charging,normal,normal,
27,S30,228.1,10.5,0.01786,charging,normal,normal,
28,S30,227.2,10.4,0.01852,charging,normal,normal,
29,S30,227.7,9.6,0.01912,finished,normal,normal,
0,S31,229.5,10.3,0.00066,charging,fraud,normal,
1,S31,230.2,10.6,0.00133,charging,fraud,normal,
2,S31,230.8,10.6,0.00201,charging,fraud,normal,
3,S31,229.9,10.4,0.00268,charging,fraud,normal,
4,S31,229.6,10.1,0.00332,charging,fraud,normal,
5,S31,229.9,10.6,0.004,charging,fraud,normal,
6,S31,230.2,10.2,0.00465,charging,fraud,normal,
7,S31,229.7,10.9,0.00535,charging,fraud,normal,
8,S31,229.1,10.3,0.006,charging,fraud,normal,
9,S31,229.4,10.3,0.00666,charging,fraud,normal,
10,S31,229.8,79.3,0.01172,charging,fraud,fraud,Current Spike > 50A
11,S31,230.3,75.3,0.01654,charging,fraud,fraud,Current Spike > 50A
12,S31,230.7,67.4,0.02086,charging,fraud,fraud,Current Spike > 50A
13,S31,228.9,63.9,0.02492,charging,fraud,fraud,Current Spike > 50A
14,S31,230.2,63.9,0.02901,charging,fraud,fraud,Current Spike > 50A
15,S31,230.3,10.3,0.02967,charging,fraud,normal,
16,S31,229.4,10.9,0.03036,charging,fraud,normal,
17,S31,230.0,10.5,0.03103,charging,fraud,normal,
18,S31,230.3,10.2,0.03168,charging,fraud,normal,
19,S31,229.3,10.7,0.03236,charging,fraud,normal,
20,S31,230.6,10.0,0.03301,charging,fraud,normal,
21,S31,229.2,10.7,0.03369,charging,fraud,normal,
22,S31,229.1,10.7,0.03437,charging,fraud,normal,
23,S31,228.9,10.5,0.03503,charging,fraud,normal,
24,S31,229.0,10.9,0.03573,charging,fraud,normal,
25,S31,229.5,10.5,0.0364,charging,fraud,normal,
26,S31,229.5,10.5,0.03707,charging,fraud,normal,
27,S31,229.5,10.3,0.03772,charging,fraud,normal,
28,S31,229.9,10.0,0.03836,charging,fraud,normal,
29,S31,229.8,10.2,0.03901,finished,fraud,normal,
0,S32,228.2,9.7,0.00061,charging,normal,normal,
1,S32,229.6,9.9,0.00125,charging,normal,normal,
2,S32,227.8,10.1,0.00189,charging,normal,normal,
3,S32,229.0,9.4,0.00248,charging,normal,normal,
4,S32,228.7,9.5,0.00309,charging,normal,normal,
5,S32,228.3,9.3,0.00368,charging,normal,normal,
6,S32,228.6,9.9,0.00431,charging,normal,normal,
7,S32,229.2,9.7,0.00492,charging,normal,normal,
8,S32,227.8,9.8,0.00554,charging,normal,normal,
9,S32,227.9,10.1,0.00618,charging,normal,normal,
10,S32,228.8,10.1,0.00682,charging,normal,normal,
11,S32,229.0,9.3,0.00742,charging,normal,normal,
12,S32,228.3,9.9,0.00804,charging,normal,normal,
13,S32,227.8,10.0,0.00868,charging,normal,normal,
14,S32,228.4,10.0,0.00931,charging,normal,normal,
15,S32,229.2,9.7,0.00993,charging,normal,normal,
16,S32,228.3,9.3,0.01052,charging,normal,normal,
17,S32,228.0,9.7,0.01113,charging,normal,normal,
18,S32,228.0,10.1,0.01177,charging,normal,normal,
19,S32,229.5,9.3,0.01237,charging,normal,normal,
20,S32,228.6,9.7,0.01298,charging,normal,normal,
21,S32,229.6,9.3,0.01357,charging,normal,normal,
22,S32,229.4,9.2,0.01416,charging,normal,normal,
23,S32,228.7,9.8,0.01478,charging,normal,normal,
24,S32,228.9,9.3,0.01537,charging,normal,normal,
25,S32,228.0,10.1,0.01601,charging,normal,normal,
26,S32,229.3,9.7,0.01663,charging,normal,normal,
27,S32,229.1,10.1,0.01727,charging,normal,normal,
28,S32,228.3,10.0,0.01791,charging,normal,normal,
29,S32,228.9,9.7,0.01853,finished,normal,normal,
0,S33,227.3,9.2,0.00058,charging,normal,normal,
1,S33,229.0,9.8,0.0012,charging,normal,normal,
2,S33,227.7,10.0,0.00184,charging,normal,normal,
3,S33,228.0,9.8,0.00246,charging,normal,normal,
4,S33,227.2,9.9,0.00308,charging,normal,normal,
5,S33,228.4,9.9,0.00371,charging,normal,normal,
6,S33,229.0,9.7,0.00433,charging,normal,normal,
7,S33,227.3,9.9,0.00495,charging,normal,normal,
8,S33,227.9,10.0,0.00559,charging,normal,normal,
9,S33,227.3,9.5,0.00619,charging,normal,normal,
10,S33,228.0,9.4,0.00678,charging,normal,normal,
11,S33,227.5,9.1,0.00736,charging,normal,normal,
12,S33,227.5,10.0,0.00799,charging,normal,normal,
13,S33,228.1,9.3,0.00858,charging,normal,normal,
14,S33,227.3,9.1,0.00915,charging,normal,normal,
15,S33,227.3,9.5,0.00975,charging,normal,normal,
16,S33,228.8,10.0,0.01039,charging,normal,normal,
17,S33,227.5,9.6,0.01099,charging,normal,normal,
18,S33,227.6,9.1,0.01157,charging,normal,normal,
19,S33,228.1,10.0,0.0122,charging,normal,normal,
20,S33,227.3,9.7,0.01281,charging,normal,normal,
21,S33,227.8,9.9,0.01344,charging,normal,normal,
22,S33,227.2,9.7,0.01405,charging,normal,normal,
23,S33,228.9,9.7,0.01467,charging,normal,normal,
24,S33,227.8,9.2,0.01525,charging,normal,normal,
25,S33,228.3,9.7,0.01587,charging,normal,normal,
26,S33,227.3,9.7,0.01648,charging,normal,normal,
27,S33,228.4,9.5,0.01708,charging,normal,normal,
28,S33,228.2,9.7,0.0177,charging,normal,normal,
29,S33,228.6,9.1,0.01828,finished,normal,normal,
0,S34,226.8,9.3,0.00059,charging,normal,normal,
1,S34,226.5,9.3,0.00117,charging,normal,normal,
2,S34,227.9,9.4,0.00177,charging,normal,normal,
3,S34,226.9,9.0,0.00233,charging,normal,normal,
4,S34,226.2,9.4,0.00292,charging,normal,normal,
5,S34,228.0,9.0,0.00349,charging,normal,normal,
6,S34,227.8,9.4,0.00409,charging,normal,normal,
7,S34,227.5,8.6,0.00463,charging,normal,normal,
8,S34,227.7,8.6,0.00518,charging,normal,normal,
9,S34,227.1,8.7,0.00573,charging,normal,normal,
10,S34,226.4,9.1,0.0063,charging,normal,normal,
11,S34,227.7,9.2,0.00688,charging,normal,normal,
12,S34,227.7,9.5,0.00748,charging,normal,normal,
13,S34,226.3,8.7,0.00803,charging,normal,normal,
14,S34,227.3,9.0,0.0086,charging,normal,normal,
15,S34,226.8,9.2,0.00917,charging,normal,normal,
16,S34,227.6,9.1,0.00975,charging,normal,normal,
17,S34,227.7,8.7,0.0103,charging,normal,normal,
18,S34,227.3,9.0,0.01087,charging,normal,normal,
19,S34,226.8,8.6,0.01141,charging,normal,normal,
20,S34,228.0,9.1,0.01199,charging,normal,normal,
21,S34,227.2,8.7,0.01254,charging,normal,normal,
22,S34,226.8,8.7,0.01308,charging,normal,normal,
23,S34,227.9,9.5,0.01369,charging,normal,normal,
24,S34,227.8,9.0,0.01425,charging,normal,normal,
25,S34,227.2,9.2,0.01484,charging,normal,normal,
26,S34,226.4,9.4,0.01543,charging,normal,normal,
27,S34,226.8,9.2,0.01601,charging,normal,normal,
28,S34,226.3,9.4,0.0166,charging,normal,normal,
29,S34,226.3,9.5,0.01719,finished,normal,normal,
0,S35,231.8,10.2,0.00066,charging,normal,normal,
1,S35,231.3,10.2,0.00131,charging,normal,normal,
2,S35,231.0,10.5,0.00199,charging,normal,normal,
3,S35,231.9,10.0,0.00263,charging,normal,normal,
4,S35,230.8,10.4,0.0033,charging,normal,normal,
5,S35,231.2,10.1,0.00395,charging,normal,normal,
6,S35,231.7,9.6,0.00456,charging,normal,normal,
7,S35,230.8,10.0,0.0052,charging,normal,normal,
8,S35,230.5,10.4,0.00587,charging,normal,normal,
9,S35,231.5,9.8,0.0065,charging,normal,normal,
10,S35,230.9,10.0,0.00714,charging,normal,normal,
11,S35,231.2,9.9,0.00778,charging,normal,normal,
12,S35,231.5,9.6,0.0084,charging,normal,normal,
13,S35,232.2,10.5,0.00907,charging,normal,normal,
14,S35,231.6,10.1,0.00972,charging,normal,normal,
15,S35,231.2,10.3,0.01038,charging,normal,normal,
16,S35,230.5,10.3,0.01104,charging,normal,normal,
17,S35,231.2,10.6,0.01172,charging,normal,normal,
18,S35,231.4,10.5,0.0124,charging,normal,normal,
19,S35,231.1,10.2,0.01305,charging,normal,normal,
20,S35,230.6,9.6,0.01367,charging,normal,normal,
21,S35,232.1,9.6,0.01429,charging,normal,normal,
22,S35,231.9,10.0,0.01493,charging,normal,normal,
23,S35,231.9,9.7,0.01556,charging,normal,normal,
24,S35,231.4,9.9,0.01619,charging,normal,normal,
25,S35,231.8,10.3,0.01686,charging,normal,normal,
26,S35,232.1,10.4,0.01753,charging,normal,normal,
27,S35,230.6,10.2,0.01818,charging,normal,normal,
28,S35,231.5,10.4,0.01885,charging,normal,normal,
29,S35,230.5,10.3,0.01951,finished,normal,normal,
0,S36,229.8,10.8,0.00069,charging,normal,normal,
1,S36,229.4,10.5,0.00136,charging,normal,normal,
2,S36,231.3,10.5,0.00203,charging,normal,normal,
3,S36,231.1,10.6,0.00271,charging,normal,normal,
4,S36,230.9,11.2,0.00343,charging,normal,normal,
5,S36,230.9,10.3,0.00409,charging,normal,normal,
6,S36,230.9,10.5,0.00477,charging,normal,normal,
7,S36,229.6,11.2,0.00548,charging,normal,normal,
8,S36,231.1,11.2,0.0062,charging,normal,normal,
9,S36,229.7,10.4,0.00686,charging,normal,normal,
10,S36,230.1,10.5,0.00753,charging,normal,normal,
11,S36,230.2,10.4,0.0082,charging,normal,normal,
12,S36,230.5,10.3,0.00886,charging,normal,normal,
13,S36,229.6,10.8,0.00955,charging,normal,normal,
14,S36,229.9,10.7,0.01023,charging,normal,normal,
15,S36,231.1,10.3,0.01089,charging,normal,normal,
16,S36,229.8,10.8,0.01158,charging,normal,normal,
17,S36,229.9,10.4,0.01225,charging,normal,normal,
18,S36,230.3,10.5,0.01292,charging,normal,normal,
19,S36,230.5,10.3,0.01358,charging,normal,normal,
20,S36,231.3,10.5,0.01425,charging,normal,normal,
21,S36,229.8,10.4,0.01492,charging,normal,normal,
22,S36,231.3,10.8,0.01561,charging,normal,normal,
23,S36,229.7,11.0,0.01631,charging,normal,normal,
24,S36,231.0,10.3,0.01697,charging,normal,normal,
25,S36,231.0,11.2,0.01769,charging,normal,normal,
26,S36,230.6,11.2,0.01841,charging,normal,normal,
27,S36,230.0,10.3,0.01907,charging,normal,normal,
28,S36,230.0,10.9,0.01976,charging,normal,normal,
29,S36,230.0,10.3,0.02042,finished,normal,normal,
0,S37,230.8,10.2,0.00065,charging,fraud,normal,
1,S37,230.6,10.3,0.00131,charging,fraud,normal,
2,S37,230.6,10.6,0.00199,charging,fraud,normal,
3,S37,230.5,11.0,0.0027,charging,fraud,normal,
4,S37,230.3,10.3,0.00336,charging,fraud,normal,
5,S37,231.4,10.7,0.00404,charging,fraud,normal,
6,S37,230.9,10.9,0.00474,charging,fraud,normal,
7,S37,230.8,10.2,0.0054,charging,fraud,normal,
8,S37,230.6,10.7,0.00608,charging,fraud,normal,
9,S37,230.4,11.0,0.00679,charging,fraud,normal,
10,S37,270.9,10.8,0.0076,charging,fraud,fraud,Voltage Spike > 260V
11,S37,285.6,10.6,0.00844,charging,fraud,fraud,Voltage Spike > 260V
12,S37,271.7,10.8,0.00925,charging,fraud,fraud,Voltage Spike > 260V
13,S37,277.1,10.3,0.01005,charging,fraud,fraud,Voltage Spike > 260V
14,S37,283.7,10.5,0.01088,charging,fraud,fraud,Voltage Spike > 260V
15,S37,230.5,10.7,0.01156,charging,fraud,normal,
16,S37,230.9,10.9,0.01226,charging,fraud,normal,
17,S37,231.1,10.4,0.01293,charging,fraud,normal,
18,S37,231.2,10.6,0.01361,charging,fraud,normal,
19,S37,231.1,10.1,0.01426,charging,fraud,normal,
20,S37,231.0,10.3,0.01492,charging,fraud,normal,
21,S37,230.4,10.5,0.01559,charging,fraud,normal,
22,S37,231.4,10.9,0.01629,charging,fraud,normal,
23,S37,231.0,10.9,0.01699,charging,fraud,normal,
24,S37,230.6,10.4,0.01766,charging,fraud,normal,
25,S37,232.0,10.2,0.01831,charging,fraud,normal,
26,S37,231.4,10.3,0.01897,charging,fraud,normal,
27,S37,231.7,10.7,0.01966,charging,fraud,normal,
28,S37,231.6,10.1,0.02031,charging,fraud,normal,
29,S37,230.6,10.0,0.02095,finished,fraud,normal,
0,S38,232.5,9.0,0.00058,charging,normal,normal,
1,S38,232.6,9.3,0.00118,charging,normal,normal,
2,S38,232.9,9.4,0.00179,charging,normal,normal,
3,S38,232.7,9.2,0.00238,charging,normal,normal,
4,S38,232.9,9.8,0.00302,charging,normal,normal,
5,S38,232.5,9.5,0.00363,charging,normal,normal,
6,S38,232.5,9.7,0.00426,charging,normal,normal,
7,S38,232.8,9.1,0.00485,charging,normal,normal,
8,S38,232.7,9.8,0.00548,charging,normal,normal,
9,S38,233.1,9.0,0.00606,charging,normal,normal,
10,S38,232.1,9.0,0.00664,charging,normal,normal,
11,S38,232.0,9.2,0.00724,charging,normal,normal,
12,S38,233.0,8.8,0.00781,charging,normal,normal,
13,S38,232.2,9.3,0.00841,charging,normal,normal,
14,S38,231.9,9.0,0.00899,charging,normal,normal,
15,S38,232.2,9.5,0.0096,charging,normal,normal,
16,S38,232.8,8.9,0.01017,charging,normal,normal,
17,S38,231.7,9.0,0.01075,charging,normal,normal,
18,S38,233.2,9.0,0.01134,charging,normal,normal,
19,S38,233.4,8.9,0.01191,charging,normal,normal,
20,S38,231.9,9.5,0.01253,charging,normal,normal,
21,S38,233.2,8.9,0.0131,charging,normal,normal,
22,S38,233.4,9.1,0.01369,charging,normal,normal,
23,S38,232.7,9.6,0.01431,charging,normal,normal,
24,S38,231.7,9.5,0.01492,charging,normal,normal,
25,S38,231.8,9.2,0.01552,charging,normal,normal,
26,S38,232.0,9.0,0.0161,charging,normal,normal,
27,S38,231.7,9.1,0.01668,charging,normal,normal,
28,S38,232.5,9.7,0.01731,charging,normal,normal,
29,S38,232.9,9.1,0.0179,finished,normal,normal,
0,S39,230.1,9.0,0.00058,charging,normal,normal,
1,S39,230.3,9.4,0.00118,charging,normal,normal,
2,S39,230.1,9.8,0.0018,charging,normal,normal,
3,S39,231.9,9.4,0.00241,charging,normal,normal,
4,S39,231.9,9.1,0.00299,charging,normal,normal,
5,S39,231.1,9.5,0.0036,charging,normal,normal,
6,S39,230.9,9.9,0.00424,charging,normal,normal,
7,S39,230.8,9.5,0.00485,charging,normal,normal,
8,S39,232.0,8.9,0.00542,charging,normal,normal,
9,S39,231.6,9.4,0.00603,charging,normal,normal,
10,S39,231.6,9.9,0.00666,charging,normal,normal,
11,S39,231.5,9.1,0.00725,charging,normal,normal,
12,S39,230.8,9.6,0.00786,charging,normal,normal,
13,S39,231.7,9.1,0.00845,charging,normal,normal,
14,S39,230.3,9.9,0.00908,charging,normal,normal,
15,S39,231.4,9.3,0.00968,charging,normal,normal,
16,S39,231.3,9.1,0.01027,charging,normal,normal,
17,S39,231.0,9.0,0.01084,charging,normal,normal,
18,S39,231.8,9.4,0.01145,charging,normal,normal,
19,S39,230.8,9.2,0.01204,charging,normal,normal,
20,S39,231.5,9.2,0.01263,charging,normal,normal,
21,S39,231.8,9.2,0.01322,charging,normal,normal,
22,S39,231.3,9.0,0.0138,charging,normal,normal,
23,S39,231.2,9.8,0.01443,charging,normal,normal,
24,S39,231.7,9.2,0.01502,charging,normal,normal,
25,S39,230.2,9.5,0.01563,charging,normal,normal,
26,S39,231.2,9.4,0.01623,charging,normal,normal,
27,S39,231.4,9.5,0.01684,charging,normal,normal,
28,S39,231.4,9.7,0.01747,charging,normal,normal,
29,S39,231.3,9.9,0.0181,finished,normal,normal,
0,S40,228.2,8.9,0.00056,charging,fraud,normal,
1,S40,227.8,8.7,0.00111,charging,fraud,normal,
2,S40,228.5,9.3,0.0017,charging,fraud,normal,
3,S40,229.2,8.9,0.00227,charging,fraud,normal,
4,S40,228.6,9.1,0.00285,charging,fraud,normal,
5,S40,228.7,9.4,0.00345,charging,fraud,normal,
6,S40,227.9,9.0,0.00402,charging,fraud,normal,
7,S40,227.6,9.5,0.00462,charging,fraud,normal,
8,S40,228.7,8.6,0.00516,charging,fraud,normal,
9,S40,227.9,9.0,0.00573,charging,fraud,normal,
10,S40,286.7,9.1,0.00646,charging,fraud,fraud,Voltage Spike > 260V
11,S40,278.5,9.3,0.00718,charging,fraud,fraud,Voltage Spike > 260V
12,S40,288.0,9.2,0.00791,charging,fraud,fraud,Voltage Spike > 260V
13,S40,279.8,9.0,0.00861,charging,fraud,fraud,Voltage Spike > 260V
14,S40,285.8,9.4,0.00936,charging,fraud,fraud,Voltage Spike > 260V
15,S40,228.5,8.9,0.00992,charging,fraud,normal,
16,S40,228.8,8.8,0.01048,charging,fraud,normal,
17,S40,229.0,9.2,0.01107,charging,fraud,normal,
18,S40,229.5,8.8,0.01163,charging,fraud,normal,
19,S40,227.7,8.6,0.01217,charging,fraud,normal,
20,S40,229.1,9.0,0.01275,charging,fraud,normal,
21,S40,228.7,8.7,0.0133,charging,fraud,normal,
22,S40,227.7,9.5,0.0139,charging,fraud,normal,
23,S40,227.6,8.8,0.01446,charging,fraud,normal,
24,S40,229.0,9.1,0.01503,charging,fraud,normal,
25,S40,228.8,8.7,0.01559,charging,fraud,normal,
26,S40,227.7,9.2,0.01617,charging,fraud,normal,
27,S40,229.0,8.7,0.01672,charging,fraud,normal,
28,S40,228.2,8.9,0.01729,charging,fraud,normal,
29,S40,229.5,9.4,0.01789,finished,fraud,normal,
0,S41,231.3,10.2,0.00066,charging,normal,normal,
1,S41,232.4,9.4,0.00126,charging,normal,normal,
2,S41,231.4,9.3,0.00186,charging,normal,normal,
3,S41,231.1,9.6,0.00248,charging,normal,normal,
4,S41,231.5,9.4,0.00308,charging,normal,normal,
5,S41,232.3,9.6,0.0037,charging,normal,normal,
6,S41,232.5,9.7,0.00433,charging,normal,normal,
7,S41,232.2,9.3,0.00493,charging,normal,normal,
8,S41,231.5,9.8,0.00556,charging,normal,normal,
9,S41,232.1,9.3,0.00616,charging,normal,normal,
10,S41,232.0,9.8,0.00679,charging,normal,normal,
11,S41,231.6,10.2,0.00744,charging,normal,normal,
12,S41,232.2,9.4,0.00805,charging,normal,normal,
13,S41,231.1,9.6,0.00867,charging,normal,normal,
14,S41,231.6,9.9,0.0093,charging,normal,normal,
15,S41,231.4,9.7,0.00993,charging,normal,normal,
16,S41,231.5,10.1,0.01058,charging,normal,normal,
17,S41,231.1,10.1,0.01122,charging,normal,normal,
18,S41,231.6,9.4,0.01183,charging,normal,normal,
19,S41,233.1,9.3,0.01243,charging,normal,normal,
20,S41,232.6,9.4,0.01304,charging,normal,normal,
21,S41,232.1,9.2,0.01363,charging,normal,normal,
22,S41,231.6,9.6,0.01425,charging,normal,normal,
23,S41,232.0,10.1,0.0149,charging,normal,normal,
24,S41,232.8,10.1,0.01555,charging,normal,normal,
25,S41,231.5,9.9,0.01619,charging,normal,normal,
26,S41,233.0,9.3,0.01679,charging,normal,normal,
27,S41,232.8,10.1,0.01745,charging,normal,normal,
28,S41,232.7,9.5,0.01806,charging,normal,normal,
29,S41,232.0,9.9,0.0187,finished,normal,normal,
0,S42,228.2,11.1,0.0007,charging,normal,normal,
1,S42,227.7,11.0,0.0014,charging,normal,normal,
2,S42,228.1,11.1,0.0021,charging,normal,normal,
3,S42,227.8,10.3,0.00275,charging,normal,normal,
4,S42,228.1,10.9,0.00345,charging,normal,normal,
5,S42,227.6,10.5,0.00411,charging,normal,normal,
6,S42,228.2,10.3,0.00476,charging,normal,normal,
7,S42,227.9,11.2,0.00547,charging,normal,normal,
8,S42,227.4,10.6,0.00614,charging,normal,normal,
9,S42,226.5,10.6,0.00681,charging,normal,normal,
10,S42,227.2,11.0,0.0075,charging,normal,normal,
11,S42,228.1,10.7,0.00818,charging,normal,normal,
12,S42,227.4,11.0,0.00887,charging,normal,normal,
13,S42,227.1,10.5,0.00954,charging,normal,normal,
14,S42,228.0,10.8,0.01022,charging,normal,normal,
15,S42,226.9,10.4,0.01088,charging,normal,normal,
16,S42,227.1,10.8,0.01156,charging,normal,normal,
17,S42,227.6,10.4,0.01222,charging,normal,normal,
18,S42,226.7,10.6,0.01288,charging,normal,normal,
19,S42,227.3,11.1,0.01358,charging,normal,normal,
20,S42,227.2,10.7,0.01426,charging,normal,normal,
21,S42,228.1,10.7,0.01494,charging,normal,normal,
22,S42,226.8,10.8,0.01562,charging,normal,normal,
23,S42,227.7,10.4,0.01627,charging,normal,normal,
24,S42,228.0,10.7,0.01695,charging,normal,normal,
25,S42,227.7,10.4,0.01761,charging,normal,normal,
26,S42,228.1,10.4,0.01827,charging,normal,normal,
27,S42,226.9,11.0,0.01896,charging,normal,normal,
28,S42,227.0,11.1,0.01966,charging,normal,normal,
29,S42,227.8,10.3,0.02031,finished,normal,normal,
0,S43,229.5,10.3,0.00066,charging,normal,normal,
1,S43,229.6,10.8,0.00135,charging,normal,normal,
2,S43,228.1,10.9,0.00204,charging,normal,normal,
3,S43,228.2,10.4,0.0027,charging,normal,normal,
4,S43,228.4,10.4,0.00336,charging,normal,normal,
5,S43,228.3,11.0,0.00405,charging,normal,normal,
6,S43,230.0,10.6,0.00473,charging,normal,normal,
7,S43,229.7,11.1,0.00544,charging,normal,normal,
8,S43,228.5,10.5,0.0061,charging,normal,normal,
9,S43,229.9,10.7,0.00679,charging,normal,normal,
10,S43,229.3,10.8,0.00748,charging,normal,normal,
11,S43,229.7,10.7,0.00816,charging,normal,normal,
12,S43,228.7,10.9,0.00885,charging,normal,normal,
13,S43,229.4,11.2,0.00956,charging,normal,normal,
14,S43,228.3,10.7,0.01024,charging,normal,normal,
15,S43,229.9,10.9,0.01094,charging,normal,normal,
16,S43,229.5,10.4,0.0116,charging,normal,normal,
17,S43,229.9,10.4,0.01227,charging,normal,normal,
18,S43,229.5,10.5,0.01294,charging,normal,normal,
19,S43,228.6,11.0,0.01363,charging,normal,normal,
20,S43,228.2,10.9,0.01433,charging,normal,normal,
21,S43,228.4,10.8,0.01501,charging,normal,normal,
22,S43,228.6,10.5,0.01568,charging,normal,normal,
23,S43,229.3,10.5,0.01635,charging,normal,normal,
24,S43,229.7,11.1,0.01705,charging,normal,normal,
25,S43,229.5,10.8,0.01774,charging,normal,normal,
26,S43,229.8,10.3,0.0184,charging,normal,normal,
27,S43,229.4,11.3,0.01912,charging,normal,normal,
28,S43,229.9,10.3,0.01978,charging,normal,normal,
29,S43,229.5,10.6,0.02045,finished,normal,normal,
0,S44,229.4,10.4,0.00066,charging,normal,normal,
1,S44,228.8,10.3,0.00132,charging,normal,normal,
2,S44,228.2,10.9,0.00201,charging,normal,normal,
3,S44,228.9,11.0,0.00271,charging,normal,normal,
4,S44,228.5,10.6,0.00338,charging,normal,normal,
5,S44,228.8,10.6,0.00405,charging,normal,normal,
6,S44,229.8,10.7,0.00474,charging,normal,normal,
7,S44,229.6,10.2,0.00539,charging,normal,normal,
8,S44,229.6,11.1,0.0061,charging,normal,normal,
9,S44,228.4,10.7,0.00677,charging,normal,normal,
10,S44,229.3,11.0,0.00748,charging,normal,normal,
11,S44,229.2,11.1,0.00818,charging,normal,normal,
12,S44,228.8,10.7,0.00886,charging,normal,normal,
13,S44,229.2,10.3,0.00952,charging,normal,normal,
14,S44,229.2,10.5,0.01019,charging,normal,normal,
15,S44,229.3,11.0,0.01089,charging,normal,normal,
16,S44,229.0,10.8,0.01157,charging,normal,normal,
17,S44,229.7,10.8,0.01226,charging,normal,normal,
18,S44,229.6,11.0,0.01296,charging,normal,normal,
19,S44,228.5,10.7,0.01364,charging,normal,normal,
20,S44,229.3,10.5,0.01431,charging,normal,normal,
21,S44,228.2,10.6,0.01498,charging,normal,normal,
22,S44,228.4,10.5,0.01565,charging,normal,normal,
23,S44,229.9,11.0,0.01635,charging,normal,normal,
24,S44,228.8,10.4,0.01701,charging,normal,normal,
25,S44,228.5,10.3,0.01767,charging,normal,normal,
26,S44,228.6,11.1,0.01837,charging,normal,normal,
27,S44,229.4,11.1,0.01908,charging,normal,normal,
28,S44,229.9,10.8,0.01977,charging,normal,normal,
29,S44,228.6,10.4,0.02043,finished,normal,normal,
0,S45,228.5,10.2,0.00065,charging,normal,normal,
1,S45,228.4,9.4,0.00124,charging,normal,normal,
2,S45,227.9,10.1,0.00188,charging,normal,normal,
3,S45,227.7,9.7,0.0025,charging,normal,normal,
4,S45,228.7,9.5,0.0031,charging,normal,normal,
5,S45,227.7,9.5,0.0037,charging,normal,normal,
6,S45,227.2,9.8,0.00432,charging,normal,normal,
7,S45,227.7,9.6,0.00493,charging,normal,normal,
8,S45,227.4,9.5,0.00553,charging,normal,normal,
9,S45,227.5,9.9,0.00615,charging,normal,normal,
10,S45,228.4,9.7,0.00677,charging,normal,normal,
11,S45,226.8,9.7,0.00738,charging,normal,normal,
12,S45,226.8,9.5,0.00798,charging,normal,normal,
13,S45,227.2,9.5,0.00858,charging,normal,normal,
14,S45,227.3,9.7,0.00919,charging,normal,normal,
15,S45,228.5,10.2,0.00984,charging,normal,normal,
16,S45,228.0,9.3,0.01043,charging,normal,normal,
17,S45,227.9,9.6,0.01103,charging,normal,normal,
18,S45,226.8,9.7,0.01164,charging,normal,normal,
19,S45,228.1,9.6,0.01225,charging,normal,normal,
20,S45,227.9,9.5,0.01285,charging,normal,normal,
21,S45,228.6,10.1,0.0135,charging,normal,normal,
22,S45,228.4,9.7,0.01411,charging,normal,normal,
23,S45,227.2,9.7,0.01472,charging,normal,normal,
24,S45,228.2,9.5,0.01533,charging,normal,normal,
25,S45,228.5,9.3,0.01592,charging,normal,normal,
26,S45,227.1,9.8,0.01653,charging,normal,normal,
27,S45,228.2,9.3,0.01712,charging,normal,normal,
28,S45,227.4,10.0,0.01776,charging,normal,normal,
29,S45,227.7,10.2,0.0184,finished,normal,normal,
0,S46,229.2,9.7,0.00062,charging,normal,normal,
1,S46,230.1,9.5,0.00122,charging,normal,normal,
2,S46,228.6,9.5,0.00183,charging,normal,normal,
3,S46,229.0,8.9,0.00239,charging,normal,normal,
4,S46,228.4,9.8,0.00302,charging,normal,normal,
5,S46,229.4,9.6,0.00363,charging,normal,normal,
6,S46,229.5,9.8,0.00425,charging,normal,normal,
7,S46,229.9,9.8,0.00488,charging,normal,normal,
8,S46,230.1,9.4,0.00548,charging,normal,normal,
9,S46,229.3,9.5,0.00608,charging,normal,normal,
10,S46,228.4,9.0,0.00666,charging,normal,normal,
11,S46,228.7,9.3,0.00725,charging,normal,normal,
12,S46,229.9,8.9,0.00781,charging,normal,normal,
13,S46,230.1,9.6,0.00843,charging,normal,normal,
14,S46,229.3,8.9,0.00899,charging,normal,normal,
15,S46,230.2,8.8,0.00956,charging,normal,normal,
16,S46,229.1,9.0,0.01013,charging,normal,normal,
17,S46,229.7,8.8,0.01069,charging,normal,normal,
18,S46,228.4,9.4,0.01129,charging,normal,normal,
19,S46,228.8,9.1,0.01187,charging,normal,normal,
20,S46,229.3,9.2,0.01245,charging,normal,normal,
21,S46,230.3,8.8,0.01302,charging,normal,normal,
22,S46,229.0,9.7,0.01363,charging,normal,normal,
23,S46,230.2,9.1,0.01421,charging,normal,normal,
24,S46,228.8,9.7,0.01483,charging,normal,normal,
25,S46,228.7,9.7,0.01545,charging,normal,normal,
26,S46,228.6,9.6,0.01606,charging,normal,normal,
27,S46,229.1,9.6,0.01667,charging,normal,normal,
28,S46,228.8,9.0,0.01724,charging,normal,normal,
29,S46,228.9,9.1,0.01782,finished,normal,normal,
0,S47,233.9,9.2,0.0006,charging,normal,normal,
1,S47,233.0,8.9,0.00117,charging,normal,normal,
2,S47,232.1,8.7,0.00173,charging,normal,normal,
3,S47,232.7,8.6,0.00229,charging,normal,normal,
4,S47,233.5,9.0,0.00287,charging,normal,normal,
5,S47,232.6,9.4,0.00348,charging,normal,normal,
6,S47,233.7,8.6,0.00404,charging,normal,normal,
7,S47,233.7,8.8,0.00461,charging,normal,normal,
8,S47,232.3,9.0,0.00519,charging,normal,normal,
9,S47,233.6,8.9,0.00577,charging,normal,normal,
10,S47,233.6,8.7,0.00633,charging,normal,normal,
11,S47,233.2,8.7,0.0069,charging,normal,normal,
12,S47,232.6,9.0,0.00748,charging,normal,normal,
13,S47,233.3,9.2,0.00808,charging,normal,normal,
14,S47,233.8,8.7,0.00864,charging,normal,normal,
15,S47,232.6,8.6,0.0092,charging,normal,normal,
16,S47,232.5,9.1,0.00978,charging,normal,normal,
17,S47,233.0,8.7,0.01035,charging,normal,normal,
18,S47,233.8,9.1,0.01094,charging,normal,normal,
19,S47,232.1,9.2,0.01153,charging,normal,normal,
20,S47,232.8,8.6,0.01209,charging,normal,normal,
21,S47,233.7,9.2,0.01268,charging,normal,normal,
22,S47,232.5,8.9,0.01326,charging,normal,normal,
23,S47,232.7,9.2,0.01385,charging,normal,normal,
24,S47,232.9,9.1,0.01444,charging,normal,normal,
25,S47,232.4,9.1,0.01503,charging,normal,normal,
26,S47,232.5,8.9,0.0156,charging,normal,normal,
27,S47,232.5,8.7,0.01617,charging,normal,normal,
28,S47,232.5,9.0,0.01675,charging,normal,normal,
29,S47,232.2,8.7,0.01731,finished,normal,normal,
0,S48,227.5,11.0,0.0007,charging,normal,normal,
1,S48,227.8,10.9,0.00138,charging,normal,normal,
2,S48,228.4,11.3,0.0021,charging,normal,normal,
3,S48,228.9,11.1,0.00281,charging,normal,normal,
4,S48,229.1,10.9,0.0035,charging,normal,normal,
5,S48,227.7,11.3,0.00422,charging,normal,normal,
6,S48,227.7,11.1,0.00492,charging,normal,normal,
7,S48,227.8,10.8,0.0056,charging,normal,normal,
8,S48,228.0,10.6,0.00627,charging,normal,normal,
9,S48,227.9,11.3,0.00699,charging,normal,normal,
10,S48,228.1,11.2,0.0077,charging,normal,normal,
11,S48,229.1,10.9,0.00839,charging,normal,normal,
12,S48,228.0,10.8,0.00908,charging,normal,normal,
13,S48,227.2,10.5,0.00974,charging,normal,normal,
14,S48,228.9,11.4,0.01046,charging,normal,normal,
15,S48,227.3,11.2,0.01117,charging,normal,normal,
16,S48,228.6,10.6,0.01184,charging,normal,normal,
17,S48,227.5,10.9,0.01253,charging,normal,normal,
18,S48,227.4,11.3,0.01325,charging,normal,normal,
19,S48,228.5,11.1,0.01395,charging,normal,normal,
20,S48,228.2,11.4,0.01467,charging,normal,normal,
21,S48,228.8,11.4,0.0154,charging,normal,normal,
22,S48,228.9,10.9,0.01609,charging,normal,normal,
23,S48,229.0,11.1,0.0168,charging,normal,normal,
24,S48,229.1,11.2,0.01751,charging,normal,normal,
25,S48,229.1,11.4,0.01823,charging,normal,normal,
26,S48,228.0,10.9,0.01893,charging,normal,normal,
27,S48,227.7,11.2,0.01963,charging,normal,normal,
28,S48,228.3,10.6,0.02031,charging,normal,normal,
29,S48,228.8,10.8,0.02099,finished,normal,normal,
0,S49,229.9,9.9,0.00063,charging,normal,normal,
1,S49,230.7,9.9,0.00127,charging,normal,normal,
2,S49,229.7,10.1,0.00191,charging,normal,normal,
3,S49,231.3,9.8,0.00254,charging,normal,normal,
4,S49,230.7,9.6,0.00316,charging,normal,normal,
5,S49,231.5,9.7,0.00378,charging,normal,normal,
6,S49,230.8,10.4,0.00445,charging,normal,normal,
7,S49,231.0,10.0,0.00509,charging,normal,normal,
8,S49,230.9,10.2,0.00574,charging,normal,normal,
9,S49,231.0,10.3,0.0064,charging,normal,normal,
10,S49,231.2,9.6,0.00702,charging,normal,normal,
11,S49,230.4,9.8,0.00765,charging,normal,normal,
12,S49,231.0,9.6,0.00826,charging,normal,normal,
13,S49,231.1,10.2,0.00892,charging,normal,normal,
14,S49,230.9,10.2,0.00957,charging,normal,normal,
15,S49,230.9,10.0,0.01021,charging,normal,normal,
16,S49,231.5,10.1,0.01086,charging,normal,normal,
17,S49,229.7,9.6,0.01148,charging,normal,normal,
18,S49,230.1,10.0,0.01211,charging,normal,normal,
19,S49,229.7,10.0,0.01275,charging,normal,normal,
20,S49,230.3,9.7,0.01337,charging,normal,normal,
21,S49,230.9,9.6,0.01399,charging,normal,normal,
22,S49,230.3,9.6,0.0146,charging,normal,normal,
23,S49,229.6,9.8,0.01523,charging,normal,normal,
24,S49,231.3,10.2,0.01588,charging,normal,normal,
25,S49,230.7,10.3,0.01654,charging,normal,normal,
26,S49,230.1,10.2,0.0172,charging,normal,normal,
27,S49,230.7,10.2,0.01785,charging,normal,normal,
28,S49,231.4,9.7,0.01847,charging,normal,normal,
29,S49,229.9,10.4,0.01914,finished,normal,normal,
0,S50,231.8,10.9,0.0007,charging,fraud,normal,
1,S50,232.0,10.4,0.00137,charging,fraud,normal,
2,S50,232.4,10.9,0.00208,charging,fraud,normal,
3,S50,233.6,11.3,0.00281,charging,fraud,normal,
4,S50,232.6,11.3,0.00354,charging,fraud,normal,
5,S50,232.2,10.6,0.00422,charging,fraud,normal,
6,S50,231.7,10.5,0.0049,charging,fraud,normal,
7,S50,232.7,11.3,0.00563,charging,fraud,normal,
8,S50,231.9,10.4,0.0063,charging,fraud,normal,
9,S50,232.7,10.7,0.00699,charging,fraud,normal,
10,S50,232.9,77.4,0.012,charging,fraud,fraud,Current Spike > 50A
11,S50,233.2,78.2,0.01706,charging,fraud,fraud,Current Spike > 50A
12,S50,232.3,73.1,0.02178,charging,fraud,fraud,Current Spike > 50A
13,S50,233.3,70.7,0.02636,charging,fraud,fraud,Current Spike > 50A
14,S50,232.0,58.2,0.03011,charging,fraud,fraud,Current Spike > 50A
15,S50,233.0,10.8,0.03081,charging,fraud,normal,
16,S50,232.1,11.2,0.03153,charging,fraud,normal,
17,S50,233.0,10.9,0.03224,charging,fraud,normal,
18,S50,231.9,11.3,0.03297,charging,fraud,normal,
19,S50,233.6,10.4,0.03364,charging,fraud,normal,
20,S50,232.6,10.5,0.03432,charging,fraud,normal,
21,S50,233.2,10.6,0.03501,charging,fraud,normal,
22,S50,232.9,10.4,0.03568,charging,fraud,normal,
23,S50,231.9,10.6,0.03636,charging,fraud,normal,
24,S50,232.9,11.0,0.03707,charging,fraud,normal,
25,S50,233.2,10.3,0.03774,charging,fraud,normal,
26,S50,232.6,11.1,0.03846,charging,fraud,normal,
27,S50,232.2,11.0,0.03917,charging,fraud,normal,
28,S50,233.5,10.4,0.03984,charging,fraud,normal,
29,S50,232.6,10.5,0.04052,finished,fraud,normal,
